t_sec,hands.Left.Index.DIP_deg,hands.Left.Index.PIP_deg,hands.Left.Middle.DIP_deg,hands.Left.Middle.PIP_deg,hands.Left.Pinky.DIP_deg,hands.Left.Pinky.PIP_deg,hands.Left.Ring.DIP_deg,hands.Left.Ring.PIP_deg,hands.Left.Thumb.IP_deg,hands.Left.Thumb.MCP_deg,hands.Left.mid_extended,hands.Left.mid_ring_angle3d_deg,hands.Left.r_idx_mid,hands.Left.r_ring_pky,hands.Left.ring_extended,hands.Left.v_active,hands.Right.Index.DIP_deg,hands.Right.Index.PIP_deg,hands.Right.Middle.DIP_deg,hands.Right.Middle.PIP_deg,hands.Right.Pinky.DIP_deg,hands.Right.Pinky.PIP_deg,hands.Right.Ring.DIP_deg,hands.Right.Ring.PIP_deg,hands.Right.Thumb.IP_deg,hands.Right.Thumb.MCP_deg,hands.Right.mid_extended,hands.Right.mid_ring_angle3d_deg,hands.Right.r_idx_mid,hands.Right.r_ring_pky,hands.Right.ring_extended,hands.Right.v_active,pose.left_elbow_deg,pose.left_shoulder_raise,pose.right_elbow_deg,pose.right_shoulder_raise
0.000518798828125,,,,,,,,,,,,,,,,,,,,,,,,,,,,,,,,,0.0,0.0,126.17958786967105,0.0
0.0345001220703125,,,,,,,,,,,,,,,,,,,,,,,,,,,,,,,,,0.0,0.0,144.76245313161203,0.0
0.10519289970397949,,,,,,,,,,,,,,,,,,,,,,,,,,,,,,,,,0.0,0.0,159.51244045562345,0.0
0.17148303985595703,,,,,,,,,,,,,,,,,,,,,,,,,,,,,,,,,147.59947112418698,0.0,151.67299334177187,0.0
0.2373490333557129,,,,,,,,,,,,,,,,,,,,,,,,,,,,,,,,,0.0,0.0,163.20949066451618,0.0
0.30504393577575684,,,,,,,,,,,,,,,,,,,,,,,,,,,,,,,,,0.0,0.0,161.7012691580182,0.0
0.3712649345397949,,,,,,,,,,,,,,,,,,,,,,,,,,,,,,,,,0.0,0.0,115.6500632642589,0.0
0.4384019374847412,,,,,,,,,,,,,,,,,,,,,,,,,,,,,,,,,0.0,0.0,146.35968283326494,0.0
0.5058820247650146,,,,,,,,,,,,,,,,,,,,,,,,,,,,,,,,,0.0,0.0,155.63624684057905,0.0
0.5708839893341064,,,,,,,,,,,,,,,,,,,,,,,,,,,,,,,,,149.7066094904712,0.0,159.1276622196094,0.0
0.6340541839599609,,,,,,,,,,,,,,,,,,,,,,,,,,,,,,,,,149.62674154458472,0.0,156.38135589876174,0.0
0.7039668560028076,,,,,,,,,,,,,,,,,,,,,,,,,,,,,,,,,149.45015974983497,0.0,159.3819923680678,0.0
0.7726290225982666,,,,,,,,,,,,,,,,,,,,,,,,,,,,,,,,,148.13759747514214,0.0,149.66594509556734,0.0
0.8380248546600342,,,,,,,,,,,,,,,,,,,,,,,,,,,,,,,,,0.0,0.0,154.34349034573515,0.0
0.9095637798309326,,,,,,,,,,,,,,,,,,,,,,,,,,,,,,,,,0.0,0.0,157.07027054057986,0.0
0.9684998989105225,,,,,,,,,,,,,,,,,,,,,,,,,,,,,,,,,0.0,0.0,156.52971988878596,0.0
1.0357880592346191,,,,,,,,,,,,,,,,,,,,,,,,,,,,,,,,,0.0,0.0,154.32330572188988,0.0
1.1012017726898193,,,,,,,,,,,,,,,,,,,,,,,,,,,,,,,,,0.0,0.0,154.14950202738132,0.0
1.144554853439331,,,,,,,,,,,,,,,,,,,,,,,,,,,,,,,,,0.0,0.0,142.14756913968122,0.0
1.1994280815124512,,,,,,,,,,,,,,,,,,,,,,,,,,,,,,,,,0.0,0.0,139.21675080449504,0.0
1.232450008392334,,,,,,,,,,,,,,,,,,,,,,,,,,,,,,,,,0.0,0.0,145.24451730122462,0.0
1.2663531303405762,,,,,,,,,,,,,,,,,,,,,,,,,,,,,,,,,0.0,0.0,139.83832201315832,0.0
1.3005659580230713,,,,,,,,,,,,,,,,,,,,,,,,,,,,,,,,,0.0,0.0,138.9426809709697,0.0
1.3667449951171875,,,,,,,,,,,,,,,,,,,,,,,,,,,,,,,,,140.24100439931064,0.0,130.4170719623588,0.0
1.4357459545135498,,,,,,,,,,,,,,,,,,,,,,,,,,,,,,,,,137.91006170561033,0.0,93.38199302904717,0.0
1.5034749507904053,,,,,,,,,,,,,,,,,,,,,,,,,,,,,,,,,136.42111635748452,0.0,148.55607728299648,0.0
1.5696439743041992,,,,,,,,,,,,,,,,,,,,,,,,,,,,,,,,,139.719844948343,0.0,153.5993957278454,0.0
1.6367719173431396,,,,,,,,,,,,,,,,,,,,,,,,,,,,,,,,,140.17826612893847,0.0,155.86659962430102,0.0
1.701460838317871,,,,,,,,,,,,,,,,,,,,,,,,,,,,,,,,,143.9254193474571,0.0,154.09381506009507,0.0
1.7695939540863037,,,,,,,,,,,,,,,,,,,,,,,,,,,,,,,,,145.80747122770313,0.0,155.4886066297436,0.0
1.833418846130371,,,,,,,,,,,,,,,,,,,,,,,,,,,,,,,,,144.50358813268468,0.0,155.5941188871868,0.0
1.9028310775756836,,,,,,,,,,,,,,,,,,,,,,,,,,,,,,,,,143.7697376022563,0.0,156.12448158605474,0.0
1.9671368598937988,,,,,,,,,,,,,,,,,,,,,,,,,,,,,,,,,142.82161389633612,0.0,64.95553114812517,0.0
2.036486864089966,,,,,,,,,,,,,,,,,,,,,,,,,,,,,,,,,0.0,0.0,150.8413749751266,0.0
2.10908579826355,,,,,,,,,,,,,,,,,,,,,,,,,,,,,,,,,0.0,0.0,152.57057970263315,0.0
2.1671531200408936,,,,,,,,,,,,,,,,,,,,,,,,,,,,,,,,,0.0,0.0,157.13484510034792,0.0
2.2348320484161377,,,,,,,,,,,,,,,,,,,,,,,,,,,,,,,,,0.0,0.0,159.80300530217184,0.0
2.3024909496307373,,,,,,,,,,,,,,,,,,,,,,,,,,,,,,,,,0.0,0.0,162.24205895127147,0.0
2.366580009460449,,,,,,,,,,,,,,,,,,,,,,,,,,,,,,,,,0.0,0.0,162.46857674655,0.0
2.4374639987945557,,,,,,,,,,,,,,,,,,,,,,,,,,,,,,,,,0.0,0.0,162.65123420630673,0.0
2.501032829284668,,,,,,,,,,,,,,,,,,,,,,,,,,,,,,,,,0.0,0.0,162.31695290773868,0.0
2.5693118572235107,,,,,,,,,,,,,,,,,,,,,,,,,,,,,,,,,0.0,0.0,157.7252018190458,0.0
2.634577751159668,,,,,,,,,,,,,,,,,,,,,,,,,,,,,,,,,0.0,0.0,161.44082258452926,0.0
2.702465057373047,,,,,,,,,,,,,,,,,,,,,,,,,,,,,,,,,0.0,0.0,0.0,0.0
2.7663328647613525,,,,,,,,,,,,,,,,,,,,,,,,,,,,,,,,,0.0,0.0,0.0,0.0
2.834630012512207,,,,,,,,,,,,,,,,,,,,,,,,,,,,,,,,,0.0,0.0,0.0,0.0
2.9003219604492188,,,,,,,,,,,,,,,,,,,,,,,,,,,,,,,,,0.0,0.0,0.0,0.0
2.9674909114837646,,,,,,,,,,,,,,,,,,,,,,,,,,,,,,,,,0.0,0.0,143.62650354558278,0.0
3.033241033554077,,,,,,,,,,,,,,,,,,,,,,,,,,,,,,,,,0.0,0.0,144.81699240324912,0.0
3.1009089946746826,,,,,,,,,,,,,,,,,,,,,,,,,,,,,,,,,0.0,0.0,150.99462753145934,0.0
3.1658999919891357,,,,,,,,,,,,,,,,,,,,,,,,,,,,,,,,,0.0,0.0,154.73234190660517,0.0
3.2337489128112793,,,,,,,,,,,,,,,,,,,,,,,,,,,,,,,,,0.0,0.0,157.18114609328057,0.0
3.2999649047851562,,,,,,,,,,,,,,,,,,,,,,,,,,,,,,,,,0.0,0.0,159.131784260325,0.0
3.3662049770355225,,,,,,,,,,,,,,,,,,,,,,,,,,,,,,,,,0.0,0.0,160.95956844179545,0.0
3.4338459968566895,,,,,,,,,,,,,,,,,,,,,,,,,,,,,,,,,0.0,0.0,161.41632079995864,0.0
3.501392126083374,,,,,,,,,,,,,,,,,,,,,,,,,,,,,,,,,0.0,0.0,161.23204968932416,0.0
3.566650152206421,,,,,,,,,,,,,,,,,,,,,,,,,,,,,,,,,0.0,0.0,159.94219593555664,0.0
3.636049747467041,,,,,,,,,,,,,,,,,,,,,,,,,,,,,,,,,0.0,0.0,160.1489192675846,0.0
3.7011938095092773,,,,,,,,,,,,,,,,,,,,,,,,,,,,,,,,,0.0,0.0,160.28156298927763,0.0
3.7666611671447754,,,,,,,,,,,,,,,,,,,,,,,,,,,,,,,,,0.0,0.0,160.81623385575173,0.0
3.8344171047210693,,,,,,,,,,,,,,,,,,,,,,,,,,,,,,,,,0.0,0.0,161.71089782682623,0.0
3.9013328552246094,,,,,,,,,,,,,,,,,,,,,,,,,,,,,,,,,0.0,0.0,157.87873283486806,0.0
3.9667420387268066,,,,,,,,,,,,,,,,,,,,,,,,,,,,,,,,,0.0,0.0,138.28130618077546,0.0
4.033275127410889,,,,,,,,,,,,,,,,,,,,,,,,,,,,,,,,,0.0,0.0,143.68202957938192,0.0
4.099283933639526,,,,,,,,,,,,,,,,,,,,,,,,,,,,,,,,,0.0,0.0,144.71794274740452,0.0
4.1674511432647705,,,,,,,,,,,,,,,,,,,,,,,,,,,,,,,,,0.0,0.0,146.2336814320203,0.0
4.234092950820923,,,,,,,,,,,,,,,,,,,,,,,,,,,,,,,,,0.0,0.0,146.43164944871592,0.0
4.299666881561279,,,,,,,,,,,,,,,,,,,,,,,,,,,,,,,,,0.0,0.0,51.87956632077469,0.0
4.366570949554443,,,,,,,,,,,,,,,,,,,,,,,,,,,,,,,,,0.0,0.0,40.773711931867545,0.0
4.433617830276489,,,,,,,,,,,,,,,,,,,,,,,,,,,,,,,,,0.0,0.0,47.37023699709269,0.0
4.5031349658966064,,,,,,,,,,,,,,,,,,,,,,,,,,,,,,,,,0.0,0.0,139.94070644065877,0.0
4.5670530796051025,,,,,,,,,,,,,,,,,,,,,,,,,,,,,,,,,0.0,0.0,143.96747690991387,0.0
4.63226580619812,,,,,,,,,,,,,,,,,,,,,,,,,,,,,,,,,0.0,0.0,149.3455749760632,0.0
4.70251202583313,,,,,,,,,,,,,,,,,,,,,,,,,,,,,,,,,0.0,0.0,148.5043584814695,0.0
4.7666099071502686,,,,,,,,,,,,,,,,,,,,,,,,,,,,,,,,,0.0,0.0,76.91838637569487,0.0
4.836254835128784,,,,,,,,,,,,,,,,,,,,,,,,,,,,,,,,,0.0,0.0,135.13248051221333,0.0
4.901221036911011,,,,,,,,,,,,,,,,,,,,,,,,,,,,,,,,,0.0,0.0,93.93226311817598,0.0
4.969571113586426,,,,,,,,,,,,,,,,,,,,,,,,,,,,,,,,,0.0,0.0,105.45940243439765,0.0
5.036470890045166,,,,,,,,,,,,,,,,,,,,,,,,,,,,,,,,,0.0,0.0,148.6535469204316,0.0
5.103366851806641,,,,,,,,,,,,,,,,,,,,,,,,,,,,,,,,,0.0,0.0,150.88258769913412,0.0
5.168507814407349,,,,,,,,,,,,,,,,,,,,,,,,,,,,,,,,,0.0,0.0,151.34191703775727,0.0
5.236124038696289,,,,,,,,,,,,,,,,,,,,,,,,,,,,,,,,,0.0,0.0,151.69397311067766,0.0
5.302875995635986,,,,,,,,,,,,,,,,,,,,,,,,,,,,,,,,,0.0,0.0,152.54437692369854,0.0
5.369424104690552,,,,,,,,,,,,,,,,,,,,,,,,,,,,,,,,,0.0,0.0,0.0,0.0
5.4352707862854,,,,,,,,,,,,,,,,,,,,,,,,,,,,,,,,,151.49222456419744,0.0,145.12227521810237,0.0
5.503221035003662,,,,,,,,,,,,,,,,,,,,,,,,,,,,,,,,,86.503363422417,0.0,68.89382351047423,0.0
5.569414854049683,160.08925713849737,141.58189630496798,152.85158482325255,146.6075140376298,147.2633213689672,139.10267628905265,152.04376124498893,154.68993923210067,160.23635793904984,156.91313040344485,1.0,9.77718415044501,0.3890136778354645,0.6494914889335632,1.0,0.0,172.82870447845488,140.75755370423417,164.26734150690672,156.1516396361933,153.27540164947712,165.92374865526838,165.95195780221138,171.59295189939255,156.60931804693234,160.86623441627077,1.0,9.77718415044501,0.3890136778354645,0.6494914889335632,1.0,0.0,19.322424085201053,0.0,40.989752734190176,0.0
5.660240173339844,169.67059337167208,166.6215610066919,136.29976783424559,168.008518432215,176.32800149860586,141.3119168747296,135.48527347105107,162.72674177454988,153.75403311188353,153.62152418635458,0.0,7.216130370532964,0.33500581979751587,0.783161997795105,1.0,0.0,129.5599975243745,162.4212264602778,128.06881624880083,147.01128042559282,156.34493398219493,162.74212575599506,156.08169724805248,153.36362838696041,155.1716098089422,166.76496691070892,0.0,7.216130370532964,0.33500581979751587,0.783161997795105,1.0,0.0,7.0886700920814425,0.0,22.99404501107403,0.0
5.7077319622039795,140.8741279460275,160.66728838086294,141.45903773465517,167.3185024765704,168.36608864409018,172.67544038441403,160.22500909096917,174.2113473799164,167.275421250178,160.23229829091258,0.0,5.245159390999932,0.35567542910575867,0.5831118822097778,1.0,0.0,123.89590547574787,151.92307290999386,107.74471391760089,153.8137759089985,146.67070975847867,178.5527375959218,153.24681635651845,170.7561158268557,158.59879703769002,165.2163081342276,0.0,5.245159390999932,0.35567542910575867,0.5831118822097778,1.0,0.0,3.7674878366035776,0.0,14.94109345292394,0.0
5.776490926742554,168.9424048905253,155.64557833259033,154.1030793564891,157.29908147831304,165.782176771413,166.2278085727438,168.30041082210658,171.17369763363368,168.8203517469932,176.64637073891348,0.0,3.9069553100695176,0.4543200731277466,0.7726635932922363,1.0,0.0,132.35720051752796,162.29585061751283,116.91538454842767,158.92293144366738,150.1717866547851,171.6320505378522,166.39052444981297,160.84424159089227,160.1091622400824,165.81992121796557,0.0,3.9069553100695176,0.4543200731277466,0.7726635932922363,1.0,0.0,0.9522384144217683,0.0,11.965614806300891,0.0
5.844266891479492,146.9387118902648,173.51009489365077,127.4907284533202,150.72123138704126,155.79724917191402,163.50990135448214,166.94645631651377,169.13566459227155,168.51694608032335,170.21801062612906,0.0,1.589916288465573,0.5153117775917053,0.6742678880691528,1.0,0.0,142.88749626889503,167.43974291402748,176.14435460449957,152.82711364514788,145.22640584679854,162.07585051530475,172.192617419218,157.47052892436193,178.86460602409883,170.80586863695027,0.0,1.589916288465573,0.5153117775917053,0.6742678880691528,1.0,0.0,0.33161292427421446,0.0,10.90040500961196,0.0
5.9114720821380615,144.6853068400606,174.4508333897131,169.94941806254016,155.74932030000562,156.0567512128894,171.26047785863852,179.27530237982538,169.1441655644807,160.7875181904304,167.2535164231902,1.0,3.1689767240453643,0.5107036828994751,0.7711730003356934,1.0,0.0,143.3220910802408,167.8918475385573,171.8324931523097,153.6736325295066,145.4738948149414,156.3128998406487,165.71996183993392,162.10219060675226,173.65266563316814,172.67841436465275,1.0,3.1689767240453643,0.5107036828994751,0.7711730003356934,1.0,0.0,1.0081363156013714,0.0,11.85131974681999,0.0
5.975865125656128,135.79491006996935,170.32256475273212,179.56976149777577,157.4414991676422,153.49593544625026,165.98266155351496,176.75948879527968,161.38565440550212,157.03501463615402,167.10195660222558,1.0,4.11146973714171,0.4878710210323334,0.8190442323684692,1.0,0.0,143.9232793056195,166.97717092063945,168.49523152439585,159.7571379956501,154.33882922208812,160.97060499917103,167.7902820300913,168.11437416994082,167.9461838468598,171.64957488829077,1.0,4.11146973714171,0.4878710210323334,0.8190442323684692,1.0,0.0,1.4063914062230136,0.0,11.21504977827946,0.0
6.044550895690918,136.96367793107518,167.46675099422828,175.06155850985564,151.99995284724065,149.61766523092004,162.05285023143838,175.32609179178522,156.17543635116982,153.4202664473656,164.4646121491198,1.0,3.620013687328021,0.5010831952095032,0.8286362290382385,1.0,0.0,142.56788542566207,165.01030568193397,172.3354028883172,154.35475601575112,160.91416765557557,156.62118343572834,169.2153678778247,164.00934326939802,173.64507113444404,171.35557112012634,1.0,3.620013687328021,0.5010831952095032,0.8286362290382385,1.0,0.0,1.268720361482108,0.0,11.609041333299302,0.0
6.109498977661133,137.54157278361905,166.9767314228901,172.71419629839724,155.83402816058222,154.7279498582757,162.59190370292535,176.68252702630267,161.15526657994064,156.55948350576463,166.11728181088174,1.0,3.0802596935619415,0.4895319938659668,0.8190827369689941,1.0,0.0,147.64208961627423,165.48150142170743,174.7066465601785,157.18158639230015,155.2314473481308,163.1104213529258,169.61315604153046,162.3795491353699,175.13232162476228,176.18145528805266,1.0,3.0802596935619415,0.4895319938659668,0.8190827369689941,1.0,0.0,1.3806934201122616,0.0,11.775954771202741,0.0
6.177990913391113,135.82007728055814,168.64746933912915,173.21322825872264,151.71067208177408,154.0407279627743,163.24219795197416,177.5827295064871,158.76993446257876,154.18588362419794,167.94186730001832,1.0,2.777771876344816,0.5032747983932495,0.8312908411026001,1.0,0.0,146.47009810687135,164.14672994244546,177.5124161540597,157.16600470021282,155.53194924157276,161.1126302803796,169.40979452406899,162.59070516623407,172.8353825842335,177.38505940258682,1.0,2.777771876344816,0.5032747983932495,0.8312908411026001,1.0,0.0,1.7569144618783947,0.0,11.064483874378974,0.0
6.241617918014526,134.07411017572028,172.11802923325166,169.02364527022655,154.22606700655143,153.20292327255117,162.50285892933786,177.5298663923273,160.50711257345793,155.75914183115492,166.85590698504768,1.0,2.787830764198911,0.5247752666473389,0.8965904116630554,1.0,0.0,144.75493664917215,165.03786030112138,176.9461010618116,154.0243100244575,157.02573836520463,161.56478543634134,168.53717171008554,160.7179824972485,173.9479294101966,176.4249968781171,1.0,2.787830764198911,0.5247752666473389,0.8965904116630554,1.0,0.0,1.8962009521578245,0.0,11.031014959994625,0.0
6.309309959411621,133.2200231680332,171.66430853541794,166.88758732317916,152.1923703027582,152.3197832848173,164.47227723159585,176.6375670181239,161.72351498416612,156.8638513758032,166.60483392813586,1.0,3.0118142680524342,0.5557112097740173,0.8583764433860779,1.0,0.0,145.40878371840793,164.38538436402484,174.82532007452886,153.52486957299288,154.9326868043989,159.93804408131203,170.6206131098962,160.821836411932,179.88130593318874,176.02566020159685,1.0,3.0118142680524342,0.5557112097740173,0.8583764433860779,1.0,0.0,2.264685481984895,0.0,11.604271546744428,0.0
6.374975919723511,136.35358972580264,173.8825269941041,166.26553024211182,151.5710117859962,152.90636159382547,163.18194342078834,176.87512989989628,160.20987356340356,156.85215522806982,169.53658791621064,1.0,2.6082700999823434,0.5732133388519287,0.8681831359863281,1.0,0.0,145.01474023322476,164.5148402972469,174.44882071715193,154.2851923961997,162.09564650437696,156.90698250342817,169.29516111280208,164.07975968941247,178.7547875193423,176.84234870885237,1.0,2.6082700999823434,0.5732133388519287,0.8681831359863281,1.0,0.0,2.2001591856053806,0.0,12.068509073895836,0.0
6.441169023513794,135.35164211278772,171.86510597834007,164.0978474839853,151.41745502232166,149.20139579060051,164.24472432846372,177.4687365916043,159.03547416650372,156.03172873211963,167.06670811827044,1.0,4.01736890750518,0.5855448246002197,0.8927239179611206,1.0,0.0,145.99593022200565,164.49806716458926,172.63057453644595,155.15504790157115,157.44977959191243,156.0863894670347,172.80870717594163,162.81091217421817,177.23062663703763,179.19618745396485,1.0,4.01736890750518,0.5855448246002197,0.8927239179611206,1.0,0.0,2.3787454129899146,0.0,12.239442621170262,0.0
6.510162830352783,136.37423641496983,172.75148002280287,167.66657764008056,150.28749512697436,146.70117170114816,162.77558606959767,177.01482242665986,160.08066491976285,157.12293012383003,168.09783721750563,1.0,6.8284319870888925,0.6246442198753357,0.926786482334137,1.0,0.0,145.57853856977286,160.72694061428743,173.76325496781539,149.77750120425168,157.87720929356925,153.76841610093987,166.90557344231868,157.34734056502953,174.12160062602916,178.72943011520636,1.0,6.8284319870888925,0.6246442198753357,0.926786482334137,1.0,0.0,2.572909423243544,0.0,12.710104950872731,0.0
6.57749605178833,135.3549515898168,174.9522030890363,169.54066934490467,149.89337997426298,145.8841466618069,163.55852960111707,177.3055740962303,160.6522019549792,157.5602025290568,169.2193108140554,0.0,7.853629704828759,0.6248491406440735,0.9471867680549622,1.0,0.0,147.9008646899635,164.4914624904883,173.04328300761713,149.99085385989207,153.4747836170309,157.73259088286903,170.95188944466116,158.2325468395833,172.94645152895984,175.22094390426355,0.0,7.853629704828759,0.6248491406440735,0.9471867680549622,1.0,0.0,2.6247281514567815,0.0,12.928331947377599,0.0
6.642852067947388,134.45871211359216,173.13532885805532,169.46426732142365,153.5094839009534,146.55512369235498,164.11357223833934,178.51114801752726,158.8594070311393,157.91085923575292,167.80010374586385,1.0,9.608606963741169,0.6748921275138855,0.9539448022842407,1.0,0.0,147.83229859503925,163.83012035993937,174.4221596656875,149.8061716960723,153.13223548945976,157.5548261296619,171.0554311990428,157.86517863155532,172.10484131616727,175.3904905047476,1.0,9.608606963741169,0.6748921275138855,0.9539448022842407,1.0,0.0,2.564069448088411,0.0,13.106977220104216,0.0
6.711069822311401,135.02935646465062,171.667748537523,169.56760488290473,153.370484887945,146.57565200798268,165.4357454078967,178.91736376985102,160.8432841224529,157.74990121642978,165.25651231447625,1.0,11.217086445310082,0.7022987604141235,0.9450865387916565,1.0,0.0,144.9593795996974,161.48724167297956,171.2488653133375,148.93799222202796,153.7190794520983,155.32553621275798,165.9821398850378,159.23320143697777,169.65143157145064,172.70622966970328,1.0,11.217086445310082,0.7022987604141235,0.9450865387916565,1.0,0.0,2.5467586726771096,0.0,13.192977267974012,0.0
6.775481939315796,134.21896458201942,171.7504264705418,171.86814745695165,153.7701855137733,144.83222774147993,167.27946855894163,179.31385944252585,159.73576006341088,157.6135406822701,166.21193718922993,1.0,11.997200367977653,0.7297968864440918,0.9020302891731262,1.0,1.0,146.27749755548018,161.66481160273676,173.0601929065875,147.01291125500288,152.65353447712062,154.28355530980275,167.00012083260734,157.83660011489337,171.2446687945146,173.58136793068758,1.0,11.997200367977653,0.7297968864440918,0.9020302891731262,1.0,0.0,2.421558150791408,0.0,13.740567260594654,0.0
6.843326807022095,137.0620335373585,172.4979701684723,170.13442393967415,155.75080035930458,148.47400118887256,168.72296030643375,171.9748557422813,160.67239537484164,157.07899388330387,164.4791164266758,1.0,11.212204856251859,0.8489377498626709,0.7828307151794434,1.0,0.0,146.93132573451507,163.47210486779105,172.14099865808103,148.07954921646885,150.8539449712258,155.82273545297815,169.27016731856656,158.726424628966,168.8523309779849,171.6847099842111,1.0,11.212204856251859,0.8489377498626709,0.7828307151794434,1.0,0.0,2.5630004939642106,0.0,14.002413489174637,0.0
6.910523891448975,141.08437601330448,170.9091660813685,166.8041052074246,158.22683792869594,155.74365860924766,168.01687139395793,165.05723767457042,163.46435166285835,159.74044419370261,163.6394201878986,1.0,11.879522310419645,0.9348856806755066,0.7010099291801453,1.0,0.0,147.63147336326577,164.67286877858277,173.3695118578115,152.4306444008423,154.63364085296587,154.3702577975805,174.75513947449537,157.16016196013257,170.8646402405212,173.7106012288273,1.0,11.879522310419645,0.9348856806755066,0.7010099291801453,1.0,1.0,2.698491085671571,0.0,13.94220274930375,0.0
6.974087953567505,141.3894814862589,171.063451995086,166.80742674692172,154.27204335351917,151.57269761033086,167.8289677809544,168.3953889027539,163.76896663462875,158.57259753291893,161.9679385112738,1.0,12.699095255388253,0.9412779808044434,0.635495662689209,1.0,1.0,148.99812386381424,165.6416555034051,173.6684701924684,155.73822255929187,151.76038306808564,154.49538934506887,171.37966656851822,161.50714998788288,172.09348739743533,174.40104795209808,1.0,12.699095255388253,0.9412779808044434,0.635495662689209,1.0,1.0,2.8504617960643315,0.0,14.215334091444111,0.0
7.04135799407959,139.18296166087748,167.10218609597436,162.74654665033532,155.49170190945392,154.9183348970629,170.64982787843135,165.93769871712482,163.70375173365656,159.19419883022977,162.1984753460019,1.0,13.357981642351797,0.9667943120002747,0.589669942855835,1.0,0.0,150.36186251034306,161.43250885562335,170.5415232465106,154.13619022929896,160.14197110313637,153.45600105985676,174.88771734523309,166.14694682585804,171.2401827466552,173.63292638303022,1.0,13.357981642351797,0.9667943120002747,0.589669942855835,1.0,1.0,2.7909886552789245,0.0,14.319968647858719,0.0
7.109271049499512,153.65346410766435,154.20045121066352,151.8492594417307,168.51487056519437,156.38285615796343,166.2253126958774,157.08935199954294,175.62874366872754,165.5829555653159,160.16843890150696,1.0,14.749632454239734,0.9816046357154846,0.6062802076339722,1.0,1.0,148.65990880790125,161.2841308108941,169.6111294555492,151.25962109206708,163.28561542258487,150.10723531017481,172.46458918271432,165.07882787722528,169.25244396010825,170.99180336767017,1.0,14.749632454239734,0.9816046357154846,0.6062802076339722,1.0,1.0,2.797013826085556,0.0,14.564811392996882,0.0
7.17486310005188,146.36988057937037,157.37113387648074,153.40333499159684,163.80231872918958,157.54714384471666,164.56082715935415,159.49394859782788,172.2417436853334,164.0185939334065,160.88579013581466,1.0,14.708449543401457,0.9526380896568298,0.6159502267837524,1.0,1.0,147.7304385231709,165.29110659603217,169.19722317893516,155.39681221632944,157.62791914622224,155.52354861281495,168.25829796061913,166.70629344945857,169.11614991229786,171.67265179948453,1.0,14.708449543401457,0.9526380896568298,0.6159502267837524,1.0,1.0,2.7358078862428252,0.0,14.806881205498716,0.0
7.241085767745972,142.23030332651638,158.09193269644135,163.997297939082,165.68613552819463,159.16491345480244,165.37920739942948,163.50389877272664,172.9215488757452,162.49438730555354,163.08128214662136,1.0,14.264744958460668,0.9010270833969116,0.5811185836791992,1.0,1.0,145.63294340270534,164.49738996341318,172.93505820926922,160.47343885118292,150.08447944858906,157.1089489392289,161.48102590400444,168.68328167468133,164.46020097897068,173.8777219193501,1.0,14.264744958460668,0.9010270833969116,0.5811185836791992,1.0,1.0,2.9590952298126876,0.0,14.934217366214169,0.0
7.308134078979492,,,,,,,,,,,,,,,,,158.76176871488005,147.53870042474563,160.70852185977773,174.597673594791,163.04003504725947,162.1475295752475,160.8381125076938,177.03390067313364,170.6346845280169,162.73266596802296,1.0,16.818977213418087,0.8702585101127625,0.5847856402397156,1.0,1.0,3.083435789636068,0.0,14.877753554098577,0.0
7.3743250370025635,153.06559439033362,153.1987345489496,161.38442405605954,171.60564497282857,162.7709849992045,162.65771769210494,162.87494399171078,177.663594750908,169.0791705390606,160.55977521512762,1.0,19.214681812466743,0.7943798899650574,0.575947105884552,1.0,1.0,150.24551278269328,169.258049260332,173.0408303794253,166.3738003353467,148.1870972118905,162.54525402249337,159.05870938257857,176.79985538346565,169.41447825718848,177.29397548104117,1.0,19.214681812466743,0.7943798899650574,0.575947105884552,1.0,1.0,3.197574190266842,0.0,14.8161122830001,0.0
7.441751956939697,145.2519882835898,163.52085341951621,167.91485804929417,161.70128003510857,159.43969649923065,164.72826334531632,166.33893739151551,170.05005016577073,164.7535277082886,160.6211366692763,1.0,16.69755028956819,0.757694661617279,0.5792836546897888,1.0,1.0,147.63289591419255,169.03186302251265,177.2517707289472,161.5701318515588,155.85507552357842,155.54580506265978,165.3419263166272,166.7829085922437,168.08669831770726,176.52238564953223,1.0,16.69755028956819,0.757694661617279,0.5792836546897888,1.0,1.0,3.2228825959956353,0.0,14.407549590550216,0.0
7.5077149868011475,141.6493309503132,168.70198810870528,170.89966062511036,156.24059464986482,158.25417996305447,165.44244223069225,169.73430634847753,165.35946753117767,160.6877034973565,161.50667625273485,1.0,16.017300760648332,0.7551841139793396,0.5557658076286316,1.0,1.0,147.2710708610354,161.4706206104592,176.95682502487185,154.96963742993105,160.2728296879814,150.60258598766606,166.86961037716898,163.65855055719481,169.05457420162196,178.009241908255,1.0,16.017300760648332,0.7551841139793396,0.5557658076286316,1.0,1.0,3.126999414784687,0.0,14.404557171311032,0.0
7.575237035751343,141.8729942326612,161.3570450017433,166.43832758468378,161.21268770324858,161.3355943636735,164.5336544439619,166.0626455405767,170.7501225250619,165.01132240636454,161.86738367806424,1.0,17.089774764659452,0.7991644740104675,0.5166112780570984,1.0,1.0,148.37036585346706,161.64675546990247,176.84402311140414,156.33171898838413,157.698260453997,150.9018235458051,164.37459075825,166.0157629613524,168.62952696630367,177.28877228030575,1.0,17.089774764659452,0.7991644740104675,0.5166112780570984,1.0,1.0,3.1118120142942423,0.0,14.350520288310399,0.0
7.6414549350738525,141.1245041517811,170.21451373247643,171.03583772927308,154.21578015811392,162.11985679497215,168.08979234597726,169.70328950185066,162.29137035879938,160.60030568512954,164.4515606647741,1.0,17.007374231425704,0.8572282195091248,0.5258647203445435,1.0,1.0,147.45454795347376,162.15430381347227,176.75074044436508,154.72038344766236,159.57140699154257,151.14447597490002,168.09012330498467,163.56665193550646,170.0519082164353,176.6339589057816,1.0,17.007374231425704,0.8572282195091248,0.5258647203445435,1.0,1.0,3.0904117222739127,0.0,14.345531553277644,0.0
7.707471132278442,146.09396077187697,156.11106103968137,162.77221875328664,164.12589078170691,161.99541859773643,164.5781805674987,166.30678689096422,171.24220118604364,166.74088322714098,162.591241644201,1.0,17.9684168399815,0.8869770765304565,0.547205924987793,1.0,1.0,147.4855463230219,163.211524189182,176.68140593502827,155.5699466355408,161.55708706765836,151.43150618638816,172.96402198929846,160.92970429606189,169.55405318453808,175.35248619820678,1.0,17.9684168399815,0.8869770765304565,0.547205924987793,1.0,1.0,3.0881304228095225,0.0,14.340872029341554,0.0
7.774405002593994,,,,,,,,,,,,,,,,,152.94923853723185,145.93796762883585,160.65435646594227,170.17700998923843,167.90489565858257,162.27110499972855,165.15960117810457,177.7134683278247,171.64593076589725,162.98639202925884,1.0,20.792606043422165,0.8868134021759033,0.5116207599639893,1.0,1.0,3.1018561896327683,0.0,14.308006485972173,0.0
7.8413660526275635,143.39549132296733,159.49559622209574,164.54194230820784,162.5043129049359,162.21745287752861,167.0551930197759,164.76276387121717,170.2766575130974,167.08839300131228,165.29724110255853,1.0,21.420100356089275,0.9757212400436401,0.5602699518203735,1.0,1.0,152.09627174849476,171.67541114455392,169.39441951281822,167.91541265891502,147.30789534089556,165.71385735171586,156.10633053425963,173.20638270503537,165.4906586615597,172.38913104371647,1.0,21.420100356089275,0.9757212400436401,0.5602699518203735,1.0,1.0,3.08521297662961,0.0,14.230998812278507,0.0
7.9074790477752686,144.6424389585496,160.5060686978507,163.32957130365966,163.33289307476707,159.04662552728803,168.50574954639458,163.0980362233593,169.32692262732328,163.86579512933537,162.87639378745126,1.0,16.81876476371409,1.1034958362579346,0.560911238193512,1.0,1.0,,,,,,,,,,,,,,,,,3.0878768411546664,0.0,14.299947918967787,0.0
7.973853826522827,141.89608803105716,169.05441232774035,167.30009694441577,155.6325880233177,158.02940292403193,172.5690334098421,164.4159655790138,162.04179274527704,157.78498482262066,158.49422809925153,1.0,11.289850914654863,1.1800872087478638,0.5936737060546875,1.0,0.0,146.98137992439268,175.34376963682217,171.59068644676088,159.16596965750853,149.62704548146024,162.07375335767338,165.85162955881992,171.0709298504248,164.39966440816966,170.10870497602227,1.0,11.289850914654863,1.1800872087478638,0.5936737060546875,1.0,1.0,3.1022979462063938,0.0,14.375947477499016,0.0
8.044201850891113,149.24063020595216,160.02699640610078,162.62542663993375,164.4956906988352,161.81070419795216,169.6657377558044,159.2146970321156,172.236357032583,163.49311389673852,159.0042270712624,1.0,13.18817319284418,1.198103666305542,0.603539764881134,1.0,1.0,,,,,,,,,,,,,,,,,3.1055145635140367,0.0,14.500928592281412,0.0
8.108543872833252,149.58069648708513,159.0814909903739,160.92327710664932,165.96569593084033,158.49362258581272,167.92265751121192,157.9593051463252,173.05945806985787,164.32017540339882,160.28656379307247,1.0,12.926866501183957,1.1874059438705444,0.6432991623878479,1.0,0.0,146.82178789028222,173.9984432335765,171.24307598646854,162.7561981470917,149.20494431961794,163.31272232718436,162.0175292434727,170.8993367489935,166.95312604451453,169.9216292808334,1.0,12.926866501183957,1.1874059438705444,0.6432991623878479,1.0,1.0,3.1652679278423026,0.0,14.53519054590914,0.0
8.17658281326294,141.37930338554568,170.89901288430534,170.67458000743372,156.20210748683377,160.08067494361688,171.6736658122258,168.0506376681663,162.93624088507102,156.88041454495647,159.918689590206,1.0,9.993889479074271,1.2109251022338867,0.6231536269187927,1.0,0.0,146.71757875771974,167.3984296666338,174.0008934560378,154.33181142152483,150.97092257462972,155.2240957326543,169.54934526098654,164.82968469717358,167.0142321026791,173.7359965364832,1.0,9.993889479074271,1.2109251022338867,0.6231536269187927,1.0,1.0,3.251668756233836,0.0,14.386411177141,0.0
8.242427110671997,152.7617077587861,154.89186727510338,157.9261575536192,167.10197190168395,158.87826798693533,161.92760324492946,161.58723963801617,174.21724201105857,166.77565142264405,161.8989146270252,1.0,14.871607318957622,1.19780433177948,0.6014266014099121,1.0,1.0,146.98157420951406,166.09061928263512,174.40398900637538,154.76316231007544,155.9829152565215,154.66554621437623,171.3462602609516,167.9472305118219,165.39602035274217,173.8253024359818,1.0,14.871607318957622,1.19780433177948,0.6014266014099121,1.0,1.0,3.2491993027567396,0.0,14.482381868466074,0.0
8.310379981994629,143.05597447852554,163.01529137194825,158.0636037526285,162.55384070113848,158.11936179011846,167.7561764705691,160.41299080262806,169.96224371157788,161.44846365576635,159.58326880768416,1.0,13.781355144686165,1.1567492485046387,0.6556352972984314,1.0,0.0,146.53235227594752,174.59375748298226,170.06530029517242,159.97131193500567,147.97298115998825,162.97169198377279,162.0519303697028,171.76376574847296,164.52146749854828,171.33557638285575,1.0,13.781355144686165,1.1567492485046387,0.6556352972984314,1.0,1.0,3.3164695711569356,0.0,14.665507984658076,0.0
8.37561583518982,147.85194526542048,154.31405412475294,157.09716956578262,167.04623193897459,162.46603738941292,165.43641088018666,159.4800706846792,172.9566097903517,166.19302103856234,159.7106609339996,1.0,14.289020976408233,1.1549848318099976,0.6404095888137817,1.0,1.0,147.5084197990604,172.8120908037154,168.37242407630868,163.37423687154038,140.8442039461127,168.32205486396882,157.15681885970056,176.85888355375,165.1000900483568,170.66270097281873,1.0,14.289020976408233,1.1549848318099976,0.6404095888137817,1.0,1.0,3.353979518168641,0.0,14.698923559436288,0.0
8.442337036132812,147.35538489721037,158.1895900169191,158.36453448529716,166.7737257937181,162.91193362232485,167.07696580188568,158.7997186256658,173.3433877163385,166.60275553935327,162.8637092113963,1.0,14.741930971067427,1.1358537673950195,0.6218245625495911,1.0,1.0,145.85356176494426,172.1301665469313,172.62911030534343,160.25831613070713,143.8633562720086,164.48630330029926,163.0189393024154,171.3039868852707,166.35079951524887,170.74708483895046,1.0,14.741930971067427,1.1358537673950195,0.6218245625495911,1.0,1.0,3.4694976480694844,0.0,14.719138907255422,0.0
8.509212970733643,149.53835856102083,151.84176122502262,162.05721742609228,169.32745738751552,164.94575616845248,165.8458744660288,166.65458865642097,176.60338687885363,164.75622914275885,162.87628939818,1.0,13.956185486560978,0.9302952885627747,0.5936277508735657,1.0,0.0,153.09559379251297,171.59220446658986,168.9519885671568,166.28042563881866,146.72138756210455,168.229217051924,157.16570548939066,177.77753675738467,174.493304494679,172.61703477381675,1.0,13.956185486560978,0.9302952885627747,0.5936277508735657,1.0,1.0,3.6911451816137357,0.0,14.498132376279015,0.0
8.576781034469604,,,,,,,,,,,,,,,,,164.0199584135482,146.41126062566798,153.10504431712766,168.4052568406003,158.8746006364454,167.25554423912848,162.28579121968448,172.4517354285108,172.38505807898684,161.40791052703366,1.0,2.497008034607672,0.7955814003944397,0.8318669199943542,1.0,0.0,4.00472380818876,0.0,14.896615778371338,0.0
8.64215898513794,,,,,,,,,,,,,,,,,158.82074066213775,156.07527107215188,159.3809934734221,170.09366660727753,160.6965137958693,172.228119857606,166.0804935509901,174.30766507564113,171.88073574375903,167.1269337794205,1.0,0.404935262540025,0.7580518126487732,0.7991561889648438,1.0,1.0,4.137348010500278,0.0,15.725024181862944,0.0
8.709249019622803,,,,,,,,,,,,,,,,,168.39263890474726,146.02351110088566,161.56329518734887,168.69341488933628,160.3984692040592,164.2132991192608,163.67409409210825,178.28479444667755,170.67951294750915,163.68677029685375,1.0,8.751852949126132,0.7750219702720642,0.8502432703971863,1.0,0.0,3.9458566670463924,0.0,15.998415332284228,0.0
8.774630069732666,144.64589151379428,172.4389033991226,171.10037378115055,156.9197589810972,159.0154102565042,167.59658474021495,173.69354106965872,169.74021022757697,161.48890887390175,163.9695974498025,1.0,12.615588078621608,0.8403500318527222,0.6086025834083557,1.0,1.0,,,,,,,,,,,,,,,,,4.044816822858225,0.0,16.00286310117883,0.0
8.84349799156189,143.93689277060358,170.17759051565608,170.78249387127417,159.30136655359416,154.735638411429,170.04275964678132,171.71520423630147,167.05711404477196,161.64582274647734,162.04611302306154,1.0,14.987819267310218,0.9025415778160095,0.6689167022705078,1.0,1.0,,,,,,,,,,,,,,,,,4.120842624211146,0.0,15.90376030062565,0.0
8.909106969833374,137.5552388878046,171.40520004231595,172.0211483452425,154.20092986663226,160.2691775772422,166.402430722519,170.78458346456068,161.4951702383495,155.5748271910163,160.9510596300929,1.0,12.90653184638629,1.081561803817749,0.6836234331130981,1.0,0.0,,,,,,,,,,,,,,,,,4.1032210984567445,0.0,15.805958088474275,0.0
8.975903987884521,139.21353553010945,171.6714021384907,165.61655805120634,154.62578990649138,155.7746426737841,172.04186626425374,164.84065073097682,160.26617341870377,158.13812764546225,157.74004538192793,1.0,11.948752027887837,1.1465551853179932,0.642845869064331,1.0,1.0,,,,,,,,,,,,,,,,,4.057481972492584,0.0,15.558157277618953,0.0
9.042683124542236,138.04884456838312,169.21102499510064,167.4655078067167,154.63453369308752,164.29844307720916,171.00389478289986,169.78267146268038,160.81392676719867,159.6764058252542,161.96313999982016,1.0,12.508848526188917,1.1929543018341064,0.6116030812263489,1.0,0.0,,,,,,,,,,,,,,,,,3.993755271896554,0.0,15.38987376501737,0.0
9.109532117843628,140.64334242983696,163.84783767187878,156.77286254917294,155.99537850252648,160.91084667240187,169.57152851068287,159.88744173714935,164.67688735865147,161.5526400550695,160.1669994537071,1.0,13.39914568804434,1.1935844421386719,0.6044286489486694,1.0,1.0,,,,,,,,,,,,,,,,,3.7764686577335405,0.0,14.925190290546903,0.0
9.176358938217163,141.6214616556572,166.42933008019375,161.9184572721311,153.19983279939336,159.67251245245063,169.25244396010825,165.0247309872968,161.3435781832655,161.1874240496842,162.05937923524831,1.0,13.071298175215873,1.2005128860473633,0.5953852534294128,1.0,0.0,153.78587555372562,169.19359785174964,168.1837682580238,163.3276190214493,151.13460592481366,161.41873206484735,160.12833293987535,173.55046570135306,177.25540566027837,170.58027643336027,1.0,13.071298175215873,1.2005128860473633,0.5953852534294128,1.0,1.0,3.7701375824282266,0.0,14.521944705994963,0.0
9.242063045501709,142.19527346651623,165.93211987584704,160.13854312903626,153.75962476791835,158.76273034481827,169.23145890364125,162.8664100075621,159.98218353877377,161.78996188380316,160.61591918812206,1.0,12.624528899027787,1.1754084825515747,0.5957865715026855,1.0,1.0,154.016209906841,170.16410704976727,170.36868871027525,165.02519356139453,146.6821604092338,162.5934562121779,162.85984999182264,172.9679820600152,172.13835165843642,171.77705488309246,1.0,12.624528899027787,1.1754084825515747,0.5957865715026855,1.0,1.0,3.7716434716157834,0.0,14.192592258443774,0.0
9.308924913406372,144.46576417488774,169.10770668781643,165.41240479211206,150.51598623879633,157.71597776551977,172.18296959517485,167.22557724717618,157.84107253807898,158.92193435378988,162.16200584603266,1.0,11.216278845169693,1.2010918855667114,0.5973542928695679,1.0,0.0,,,,,,,,,,,,,,,,,3.812077949062629,0.0,13.973860295609997,0.0
9.3765230178833,143.87164996797642,168.2445783549071,161.24806306560845,154.19958023495735,158.28184084413869,171.27379384044536,162.0238577239528,160.47494086091473,160.98230796837674,159.891941181428,1.0,12.312764497865551,1.209602952003479,0.6015827059745789,1.0,1.0,150.09727340553766,170.50779199821153,173.55947121105206,165.9731617090519,149.8945169726595,161.57326479040063,164.94413899257313,171.51464318860187,170.7316143525671,173.67290003561854,1.0,12.312764497865551,1.209602952003479,0.6015827059745789,1.0,1.0,3.8833268936502607,0.0,13.714130347432313,0.0
9.442049026489258,143.50709012390428,168.25059760618583,166.11264248196457,154.28631794944198,159.2314870474609,172.6589044553814,164.20228144705786,161.88229139377168,158.58486568642846,159.9660975684892,1.0,11.912060856991246,1.2226824760437012,0.6028773784637451,1.0,0.0,,,,,,,,,,,,,,,,,3.8498004190385915,0.0,13.32604513057582,0.0
9.508665084838867,142.17197453488205,166.91510356465656,158.36617401211927,153.0820121568478,159.585050607265,170.0388695812452,160.84144216596894,161.5667942168127,159.94583072898592,157.32262309026854,1.0,12.27500899785907,1.2258434295654297,0.6119321584701538,1.0,1.0,,,,,,,,,,,,,,,,,4.167344412612554,0.0,13.231139297590188,0.0
9.57527494430542,150.22279164872177,155.4279522267037,155.46847156743354,163.51737446953115,163.1491965696226,167.29421084953447,158.03888894376487,171.3854785805832,165.22288089860257,161.05890996486954,1.0,14.50932770738125,1.2273082733154297,0.5936212539672852,1.0,1.0,,,,,,,,,,,,,,,,,4.254502698297615,0.0,13.336560797809355,0.0
9.642995834350586,156.92855921653106,157.02838086638658,157.68849823540694,165.6454017864153,162.29010171295187,169.36680727833314,156.9782485978878,173.07550076933293,169.7646089488745,164.2860809930684,1.0,15.243147382909559,1.2393845319747925,0.5886733531951904,1.0,1.0,,,,,,,,,,,,,,,,,4.332551766901763,0.0,13.65435162411223,0.0
9.708776950836182,140.61101454437852,168.35114440821224,161.97833400417232,158.63488658283742,164.3607890894061,172.77308419751836,165.32180420132994,165.77143249006946,163.75429915024066,162.38616143238366,1.0,13.080053365041595,1.1855729818344116,0.6032843589782715,1.0,0.0,,,,,,,,,,,,,,,,,4.640300841448175,0.0,14.115794183554724,0.0
9.77494192123413,147.49435336141175,161.24726633287545,165.32689961082087,166.38892804422275,165.89380109433935,170.10620032231347,168.84489695419526,173.54532965298452,167.98963031533276,162.54650646596556,1.0,13.592731247773797,1.1636289358139038,0.6438120007514954,1.0,1.0,,,,,,,,,,,,,,,,,5.607486390098052,0.0,14.808965703054847,0.0
9.842103958129883,142.73474922036957,165.29272069724877,168.41901103550592,167.4938953195016,170.62375691606292,173.18891002525677,170.5347923883199,173.86371255351105,168.11510377598321,166.45785688535025,1.0,12.584104923026018,1.1162580251693726,0.6619728207588196,1.0,0.0,148.79576819159357,171.8578206790163,171.95518770703103,158.1367611723223,159.23374082345242,153.99967393959318,170.11880947928867,165.80098798136436,175.71709706576058,164.474790549423,1.0,12.584104923026018,1.1162580251693726,0.6619728207588196,1.0,0.0,6.728843881178316,0.0,16.175630021860524,0.0
9.909595012664795,152.96650760204332,174.97804136929759,169.47972454441017,163.02255290642853,152.9524602206177,162.53529450317234,168.57478051794715,166.49430773243873,173.97194650030406,161.83946632655227,1.0,14.506560342877721,1.063059687614441,0.5340720415115356,1.0,1.0,160.65721232175986,152.64218447531422,169.76230291248163,173.87023349537026,165.46551705222672,167.9934055964736,166.99153081387007,172.18015787475056,172.00804558972922,164.6921570049346,1.0,14.506560342877721,1.063059687614441,0.5340720415115356,1.0,1.0,8.239475762208542,0.0,18.256208096391102,0.0
9.974471807479858,169.96124449102882,149.15531839674813,153.09302034002735,164.0088474024605,143.89379385345964,149.37237802816534,157.95801291317682,164.35862296390985,166.5654132171008,164.75994437849366,1.0,14.17791778878993,0.89130699634552,0.26369938254356384,0.0,1.0,166.96735389256528,140.93560518611815,175.28017295266687,161.09684344357692,138.06854716642542,131.80522621183033,173.38135306215702,109.56475134474509,165.63217011716154,162.3084776017852,1.0,14.17791778878993,0.89130699634552,0.26369938254356384,0.0,0.0,13.83764042226749,0.0,21.601548608889896,0.0
10.041708946228027,168.78024537102883,150.0013642847991,149.29898133455092,171.60234715048875,87.9169804169184,155.80620566540557,146.61672969756486,144.82252269999688,173.45707252181728,157.91746244076117,1.0,12.471487652034124,0.850385308265686,0.422448068857193,0.0,0.0,,,,,,,,,,,,,,,,,32.27877761252712,0.0,36.88253619079476,0.0
10.106643915176392,,,,,,,,,,,,,,,,,,,,,,,,,,,,,,,,,94.83623154948457,0.0,64.22656905355964,0.0
10.177263975143433,,,,,,,,,,,,,,,,,,,,,,,,,,,,,,,,,142.44508887264976,0.0,125.63664235945431,0.0
10.232561826705933,,,,,,,,,,,,,,,,,,,,,,,,,,,,,,,,,145.5197266677934,0.0,0.0,0.0
10.298706769943237,,,,,,,,,,,,,,,,,,,,,,,,,,,,,,,,,146.57749340683873,0.0,0.0,0.0
10.366843938827515,,,,,,,,,,,,,,,,,,,,,,,,,,,,,,,,,144.3633728638915,0.0,145.9288408937324,0.0
10.434270858764648,99.34389170932235,134.06983695001043,124.57280785281489,98.33766638644309,108.22867960226773,113.28705584996297,148.0120334445733,84.99951267851002,164.21226981670216,165.13060167496928,0.0,9.119730208234401,0.35613688826560974,0.2577536702156067,0.0,0.0,,,,,,,,,,,,,,,,,148.1379468265455,0.0,145.92765829448254,0.0
10.511751890182495,115.12573241566807,119.57092019161529,126.77345814474029,96.19343104063584,117.53837994599286,127.03021864763883,144.4215766649927,105.65900761981949,157.23250397991703,158.44871081144862,0.0,2.827154939752054,0.33245226740837097,0.26234936714172363,0.0,0.0,,,,,,,,,,,,,,,,,113.377863124419,0.0,123.83314002544955,0.0
10.577080965042114,137.54563530727694,119.27276297708873,141.8250960925844,100.2631263315812,125.29504917640682,119.0873736456749,151.77090817443718,106.00553537152362,152.2472148080026,165.84936636045734,0.0,5.6152749110453515,0.24797086417675018,0.28318777680397034,0.0,0.0,,,,,,,,,,,,,,,,,42.75641097949407,0.0,64.49160433019449,0.0
10.65334701538086,126.2647735170086,117.82435634327948,141.212186140412,97.05222375573852,125.16909377089873,110.29381958287568,159.29573428051432,96.82233112482618,150.95675872876345,164.67581477524496,0.0,6.040073937874621,0.28433042764663696,0.2504522204399109,0.0,0.0,,,,,,,,,,,,,,,,,3.2110764810144734,0.0,21.77015125871304,0.0
10.707145929336548,121.4703802408216,128.482605974284,143.72658513436494,89.35728471659768,140.909443607647,99.50344759300833,157.47230267860257,91.4943760754073,156.64764505026693,158.47462702512624,0.0,1.1359109033840664,0.30087369680404663,0.21459516882896423,0.0,0.0,141.18282768640967,171.2258650746369,167.85470125687158,155.35077731558295,146.656901496154,157.6486725967883,154.0833817609477,171.1067999170934,171.51649493285046,162.63580242027828,0.0,1.1359109033840664,0.30087369680404663,0.21459516882896423,0.0,1.0,0.0,0.0,14.797804952316364,0.0
10.796473026275635,,,,,,,,,,,,,,,,,144.0317186339099,171.4938848158665,175.98960782798042,157.01321227081957,148.79148385164413,159.58317091092263,162.67438392865392,167.53919130388374,168.01473327886188,168.87600766856855,1.0,8.239475762208542,0.7387225031852722,0.7016918659210205,1.0,0.0,0.29607529771134794,0.0,11.471554692729649,0.0
10.885671854019165,,,,,,,,,,,,,,,,,138.67621053953783,168.9253775890369,172.19080754992387,154.56033673178644,151.8124662722279,154.9510629839336,168.0508026121495,161.41809974841192,170.82264079998285,174.2137858117864,1.0,10.127508984918874,0.750655472278595,0.7104502320289612,1.0,1.0,0.4265845889403055,0.0,10.468751299868414,0.0
10.938623905181885,142.87213796379996,155.76504819264287,175.1961675233,175.56217431066156,166.28885179658727,170.21577970621368,165.9510714695626,177.67863829748762,169.88981037805556,165.84859807126455,1.0,9.880892003894878,0.741379976272583,0.7079581022262573,1.0,1.0,139.66156940982208,168.93133509158417,174.22724948843535,156.49012746702513,148.53467008047488,155.343916279233,167.3504948298694,161.35815608599626,175.1589973536406,174.11803380790525,1.0,9.880892003894878,0.741379976272583,0.7079581022262573,1.0,0.0,0.8858071795494838,0.0,10.406581795412793,0.0
11.008169889450073,151.01248657175043,160.51795363484678,168.14834768252265,171.7851533352855,153.36586799734835,173.34739563250696,170.45875574314445,175.50072077079403,172.0795717666178,161.45456151989072,1.0,9.69693917813976,0.74368816614151,0.7051197290420532,1.0,1.0,139.79506403258614,168.35924884275863,171.74699983125828,157.02355108169402,145.40568586670838,157.48030850322928,166.8340286944815,161.69873496616154,175.49623899338584,171.57037116585826,1.0,9.69693917813976,0.74368816614151,0.7051197290420532,1.0,0.0,1.1159240418283056,0.0,10.158943239297392,0.0
11.073275804519653,,,,,,,,,,,,,,,,,140.45809590330597,167.912607244083,175.62296744632303,149.99747797516787,146.06037744996144,154.78191190815042,166.2630707883665,158.1245857224427,176.65151204720817,173.41768908593824,0.0,8.055371765416306,0.7364963889122009,0.7035819292068481,1.0,1.0,1.478299511596753,0.0,9.97369867548539,0.0
11.140761137008667,140.4981729352639,167.321614113827,171.9747089711058,164.27166213381952,155.71696313275643,172.26563643076773,174.1916066849224,174.23550594138447,167.80741046562335,160.13246263632644,1.0,8.72586849945044,0.7521308064460754,0.7143459916114807,1.0,0.0,145.4759374834488,163.75805944108973,165.89459982171925,160.00181663737692,139.98689428678657,165.84418469214881,161.95830964179797,166.48575590851445,172.72449037937943,172.91177270279857,1.0,8.72586849945044,0.7521308064460754,0.7143459916114807,1.0,0.0,1.4500991356549857,0.0,9.953131442454437,0.0
11.205585956573486,140.33665004544662,164.64155649699586,171.4756644856661,168.55657192149934,153.2477646974543,172.65925191710684,173.71705749138113,176.53722424460804,168.4402094087578,163.35501890834837,0.0,8.168396224791207,0.741291344165802,0.7130060791969299,1.0,1.0,140.3086484181992,168.72399071506044,175.0268096353096,149.25663991584165,144.3994303677099,153.47722312002705,165.2187976843112,157.24347558964826,177.01089039250957,173.03930849100556,0.0,8.168396224791207,0.741291344165802,0.7130060791969299,1.0,0.0,1.4221653187231318,0.0,9.450202098830433,0.0
11.274469137191772,149.98529608932466,154.63496418006054,167.66012005190325,174.53054830035865,156.20037254220279,168.13550086745516,167.39947848506554,177.41101269612813,167.9858890164331,162.9036372941201,1.0,8.814520639449093,0.745293140411377,0.7572346925735474,1.0,1.0,142.5416376274448,170.1966466395515,177.13925570662738,150.49490638522855,149.31012693887362,152.0094909820954,171.71954256077115,158.24762705658551,178.1102088757162,172.74390528673197,1.0,8.814520639449093,0.745293140411377,0.7572346925735474,1.0,0.0,1.4413006757841762,0.0,9.551601971711083,0.0
11.33855676651001,,,,,,,,,,,,,,,,,141.3525009369629,169.8071900369809,171.37495144051042,152.15965758323844,142.84440606207093,156.0325946458321,169.34325397912573,159.7066431063888,176.72367921492048,172.2008173285559,1.0,8.542333342526623,0.7481064796447754,0.7700299620628357,1.0,1.0,1.3727334463311887,0.0,10.001246613066533,0.0
11.407564878463745,,,,,,,,,,,,,,,,,139.09627117179616,169.15790064268498,171.49737184786176,152.13815859945717,143.23966856324165,156.0842159436938,165.4116590380209,160.01078593920877,177.1222678087858,174.0120791339217,1.0,8.722378585560007,0.722890317440033,0.7696165442466736,1.0,0.0,1.343774609953067,0.0,9.994971746727476,0.0
11.47482705116272,,,,,,,,,,,,,,,,,143.0225203225966,169.2696170380682,169.6536180850053,156.1794271955936,141.50870107532216,159.25905889517787,166.75244279766696,163.7879032151091,178.5862532210331,171.53784211015886,1.0,8.921696182349436,0.7305975556373596,0.7566766142845154,1.0,1.0,1.30940429115669,0.0,10.176818354163114,0.0
11.540260076522827,,,,,,,,,,,,,,,,,141.29743009427716,168.6488747057316,168.5368280269816,155.77430143846672,142.56975083584487,156.4362932957095,164.21078873997521,163.1790282469984,175.3965713116813,173.08054473551766,1.0,9.107073646302274,0.7260693311691284,0.7710960507392883,1.0,0.0,1.2395421499341601,0.0,10.187153936178966,0.0
11.60818886756897,,,,,,,,,,,,,,,,,142.23237755926075,169.31013724303983,167.99959630586577,157.202932929382,148.04102320941666,155.77004053871408,165.0687115407343,165.04380061682846,173.14530780810225,173.61862272435184,1.0,9.764788344039358,0.7321997284889221,0.7579519152641296,1.0,1.0,1.404023975326394,0.0,10.382675917040263,0.0
11.673642873764038,166.27239310773962,157.9602061120273,160.38687767560256,170.78355993161378,154.48834724567246,164.43942370967557,161.4306106109375,178.66822024216285,169.90012652117403,177.13057864030375,1.0,11.859116108886784,0.7284475564956665,0.7705662846565247,1.0,0.0,159.02824026878622,148.3162660681115,174.00991887373456,172.56159069870336,163.60409168607512,171.11946692601583,171.22841770171695,176.406805194936,166.5821656370919,173.6464596963886,1.0,11.859116108886784,0.7284475564956665,0.7705662846565247,1.0,1.0,1.5222570224431302,0.0,10.70425053602803,0.0
11.738894939422607,170.40818465104354,145.4724427167489,159.948221074411,153.32653261245179,149.4443417502331,151.10240643372506,157.5850159931799,155.46204017347816,170.47659381713848,160.3092649401409,1.0,14.606254970370196,0.7070420384407043,0.7058862447738647,1.0,1.0,168.4832347496135,137.8109333599102,160.07703660250073,168.85980525080052,154.05148090311272,171.7726148480466,171.30147999868814,164.98166701426763,163.53066814786857,169.49368710842776,1.0,14.606254970370196,0.7070420384407043,0.7058862447738647,1.0,1.0,3.6287654431157432,0.0,12.871824542530414,0.0
11.809010982513428,,,,,,,,,,,,,,,,,,,,,,,,,,,,,,,,,17.867369454830378,0.0,22.257971160031122,0.0
11.872320890426636,,,,,,,,,,,,,,,,,,,,,,,,,,,,,,,,,67.0627906903906,0.0,61.3055142740269,0.0
11.93118405342102,,,,,,,,,,,,,,,,,,,,,,,,,,,,,,,,,140.07487473725675,0.0,119.67438076643398,0.0
11.99869990348816,,,,,,,,,,,,,,,,,,,,,,,,,,,,,,,,,151.3686606427701,0.0,125.57763845865837,0.0
12.067067861557007,,,,,,,,,,,,,,,,,,,,,,,,,,,,,,,,,153.59308305452265,0.0,131.98804503734263,0.0
12.143610954284668,139.19361594610365,138.4297753509084,146.81422514051852,121.23631520829763,115.3805019951571,134.71360883815404,151.53637582008372,133.46762486249455,171.46790376769945,144.43821479606956,0.0,6.48119750004061,0.585171639919281,1.0372592210769653,0.0,0.0,,,,,,,,,,,,,,,,,0.0,0.0,131.46631325804842,0.0
12.209755182266235,,,,,,,,,,,,,,,,,,,,,,,,,,,,,,,,,153.70099059317525,0.0,138.8764003089906,0.0
12.274765014648438,,,,,,,,,,,,,,,,,,,,,,,,,,,,,,,,,145.74299352995425,0.0,124.33168384744036,0.0
12.330334901809692,173.39677823127505,132.16933991777503,153.16874947622154,130.4734258149027,162.07206692684758,145.08616539029586,148.02775400926123,147.51682538297672,158.81206488938136,160.89944677353373,0.0,11.508637542263846,0.5754550695419312,0.4474773705005646,0.0,0.0,,,,,,,,,,,,,,,,,72.63448432792477,0.0,84.53745819612608,0.0
12.410346984863281,150.92190719629352,165.15142989383833,166.5556565551668,168.7048472757395,151.93265235990197,173.23099520269025,154.56711910373681,173.80397104786223,170.44311020839126,170.8901434338679,1.0,7.03678648487308,0.44996240735054016,0.9233831167221069,1.0,0.0,162.42348812786256,148.96413994241303,164.6697424918862,151.06675233574822,148.16672833482372,171.51293068224402,168.37027235803052,163.75917059824152,171.26690840199342,160.79475292805668,1.0,7.03678648487308,0.44996240735054016,0.9233831167221069,1.0,0.0,8.342120018051242,0.0,22.115117574754205,0.0
12.4968900680542,133.05858039761887,151.05823322169758,131.27510040221136,151.72322747809966,176.12737813743823,171.42544751740192,149.1052455561867,167.3980226855952,154.86212938744282,139.01077312910147,0.0,10.546298713341438,0.5844103693962097,0.33880558609962463,1.0,0.0,134.22804291337198,152.50550799790201,107.41099830131084,155.85016682528985,147.66492124949337,171.441610883318,147.79647837360014,162.53337152712186,154.58097533813978,161.8804135548709,0.0,10.546298713341438,0.5844103693962097,0.33880558609962463,1.0,0.0,0.7595031925478863,0.0,8.48443098942241,0.0
12.575532913208008,144.45078300207837,168.6887824458628,146.80018319058658,161.16712238902363,161.86047174805208,172.83053760432642,155.9571519949505,174.56674809176178,177.16323712496535,163.51064731461912,1.0,3.637872952505854,0.6467221975326538,0.6577062606811523,1.0,1.0,,,,,,,,,,,,,,,,,0.38154867935700887,0.0,6.935481292459821,0.0
12.642027854919434,,,,,,,,,,,,,,,,,171.14383441336585,153.4012068677093,161.45451857042207,175.29976192358825,154.77136565997625,164.96288498459663,174.58256864184514,170.74929396714936,175.40001924328294,162.30121939034288,1.0,4.338289130538557,0.8027318120002747,0.6997616291046143,1.0,1.0,0.29607529771134794,0.0,6.0936162151260325,0.0
12.706326961517334,,,,,,,,,,,,,,,,,158.25326742044948,144.19402865704922,167.61039300993608,169.92030232165624,167.92634685106557,166.23654763711406,162.92379230314046,173.94414080162025,172.88034724291185,171.0812330697348,1.0,4.178842282725918,0.7637016177177429,0.6603690385818481,1.0,1.0,0.08392937202498843,0.0,6.339854515536312,0.0
12.774769067764282,,,,,,,,,,,,,,,,,161.65327496625662,144.88121541747847,166.44153199387551,171.97950487625306,163.46381171057644,166.75454424722014,163.68335419242777,177.79806240150486,169.0237528870851,165.04766504409653,1.0,4.437869824762031,0.7735534310340881,0.663878321647644,1.0,1.0,0.03956468264845247,0.0,6.660941669677107,0.0
12.841033935546875,,,,,,,,,,,,,,,,,154.1345462734101,159.12618614299626,167.5050660478036,177.45801089350064,157.6317506962185,170.4424314376023,166.63498406073006,176.219178394943,166.85736380594562,163.01843649758095,1.0,4.471768858200481,0.7961564660072327,0.6915996670722961,1.0,1.0,0.10653118153060223,0.0,6.392429185640378,0.0
12.907636880874634,,,,,,,,,,,,,,,,,157.89608828872778,153.92083016977114,168.62675575907096,175.2139805207369,160.52810382965362,167.83282357474695,164.08497718331517,176.36562723841303,166.36435206803733,164.86112833844774,1.0,4.257631840273841,0.816379189491272,0.6771341562271118,1.0,1.0,0.12511453444308365,0.0,6.270166466251036,0.0
12.972028970718384,,,,,,,,,,,,,,,,,163.7286833409916,149.18349201419375,165.91973332453944,168.01062257508514,162.94808102816322,162.58462239837232,165.09095509828018,173.2604096694873,168.55245870730968,164.49309743467825,1.0,3.5380628586093565,0.7922194600105286,0.6379789710044861,1.0,1.0,0.08622923312351063,0.0,6.496639471422658,0.0
13.041924953460693,,,,,,,,,,,,,,,,,168.8005709550531,144.5932733343466,164.0518078460843,164.31508379540406,161.90012376529262,160.54168292918916,165.56340887635412,172.95546799876377,173.04195791773353,166.5950196395826,1.0,3.6227711469148254,0.7819275259971619,0.6563926935195923,1.0,1.0,0.08622923312351063,0.0,6.73883368674989,0.0
13.10653305053711,,,,,,,,,,,,,,,,,164.42102575277121,145.79345423811233,164.62870630816792,169.33974572850968,166.05013125268297,163.65489748598836,165.92080022603866,175.4832539255476,171.62159089647767,166.77605449611048,1.0,3.905150522024309,0.7982610464096069,0.6807817816734314,1.0,1.0,0.15701751249847418,0.0,6.801205809982334,0.0
13.174651145935059,,,,,,,,,,,,,,,,,169.85283573710564,146.0944138083059,164.03848936524082,165.132824299807,165.3763123912758,161.7343535126212,165.44783719852074,172.74514916764258,169.02712541007685,166.00933429882653,1.0,4.084085419901432,0.8022645115852356,0.6733943223953247,1.0,1.0,0.16902045629320203,0.0,6.819895883922114,0.0
13.23994493484497,,,,,,,,,,,,,,,,,174.3315412352527,144.72171512296575,164.89656738095843,168.8517657496691,164.6641115782938,164.9223565235951,166.7017049812207,172.5662877177509,173.6629294903849,171.24500534004545,1.0,4.7114773625340485,0.7818241715431213,0.6692569851875305,1.0,1.0,0.1480375253231069,0.0,6.828087299925335,0.0
13.306838989257812,,,,,,,,,,,,,,,,,165.93996178729085,137.17452553695864,162.36146222327721,170.6976859585514,157.54966557725467,167.93093558862017,164.2679586685078,171.67425541089048,166.1244430225421,174.50192350590837,1.0,5.5589406800955175,0.7445197701454163,0.6489717364311218,1.0,1.0,0.019782341029446364,0.0,6.897252331007102,0.0
13.374950170516968,,,,,,,,,,,,,,,,,160.9392810188591,146.13099266268844,172.44658962393103,168.6164561733276,169.97330048692214,168.5380309623277,162.71919846891578,174.906146677017,170.30691387522194,170.23140674073247,1.0,5.138049227681054,0.7414319515228271,0.6119231581687927,1.0,1.0,0.1282042487280194,0.0,7.462192150383935,0.0
13.439939022064209,,,,,,,,,,,,,,,,,158.5792263666832,156.98673802736693,165.13271781935427,175.5460059239267,158.2461895393336,174.98131952176195,170.18033346200463,176.3839910665231,170.91597718178699,165.64260575666734,1.0,5.237944517479668,0.8036784529685974,0.7198392152786255,1.0,0.0,0.044234660174789026,0.0,7.639154546764733,0.0
13.505577802658081,163.99200921106356,162.261586004671,159.27203295826692,170.95577738556145,162.2388120599861,174.63425182752374,177.1655842609753,174.68798529195814,172.8845366783902,164.13383350315644,1.0,5.822010514950557,0.8609141707420349,0.6620644330978394,1.0,0.0,140.6959166706811,171.41304174524436,176.36331135085592,158.40755334106464,151.20616471629032,159.70335456950144,159.79944459580813,165.01816394119464,170.40683205339826,169.57802079315422,1.0,5.822010514950557,0.8609141707420349,0.6620644330978394,1.0,0.0,0.0,0.0,7.808664614595751,0.0
13.573940992355347,,,,,,,,,,,,,,,,,166.30971578573048,152.9165311223813,163.40404294030793,176.78898448758358,161.82020277069705,168.26813615638207,171.65331469394943,175.9173533654783,171.06039665860595,168.4890519016687,1.0,3.9242590691046972,0.8755143880844116,0.6796938180923462,1.0,1.0,0.34149665741854734,0.0,7.869633916853375,0.0
13.63814902305603,,,,,,,,,,,,,,,,,152.63178969460168,156.11236819755487,166.0330428650868,175.07952240084037,164.3974295336375,170.63770705739398,169.28731335814194,171.37679618587615,172.85869499277135,166.75739141396448,1.0,4.155343512541698,0.854607343673706,0.6623928546905518,1.0,0.0,0.6318005046858495,0.0,7.944308439693019,0.0
13.708226919174194,,,,,,,,,,,,,,,,,171.45068021103972,150.3857794079276,163.43526663724225,168.96381023950642,166.6790675376175,167.49988968678403,167.51228175427522,173.67851147298103,174.25086096507457,164.6749231652959,1.0,3.9298439880953864,0.8620957732200623,0.6443027257919312,1.0,1.0,0.5851720795041867,0.0,7.740755657622251,0.0
13.772699117660522,146.05966791410202,160.57994811449444,172.81809791680485,167.53646929274933,146.10126510354468,166.51727044797934,158.21645504478647,174.54993049659163,170.96895223362802,172.29016277592785,1.0,6.241490049247144,0.8148637413978577,0.6337389945983887,1.0,0.0,175.12986721723098,150.98110783703083,164.46834857532411,164.880912880723,162.03104072515978,169.0915614372248,170.95327935612622,166.39480662668086,176.40217638904878,162.1359366909542,1.0,6.241490049247144,0.8148637413978577,0.6337389945983887,1.0,1.0,0.5692389865934318,0.0,8.721545304474494,0.0
13.839750051498413,,,,,,,,,,,,,,,,,169.6120764096751,140.14529448774775,160.74401971608293,167.38436501270246,167.1914730996112,173.2011881341393,158.70061138101335,175.0392738821819,170.19484164982325,165.79496072957983,1.0,5.1127425391770505,0.7732959985733032,0.623738706111908,1.0,1.0,1.0923529147837014,0.0,7.426291312458733,0.0
13.908109903335571,,,,,,,,,,,,,,,,,,,,,,,,,,,,,,,,,8.5191040129072,0.0,5.033181842873997,0.0
13.97343897819519,139.2540266612019,147.77577951511807,152.6484572854662,150.75465538736506,156.77140780251113,156.49497353660524,146.30829169468103,163.8257798023326,164.97643577189592,166.11600086268746,1.0,12.884327922183115,0.8968304395675659,0.7406811714172363,1.0,1.0,,,,,,,,,,,,,,,,,29.56042977065869,0.0,27.96647946498341,0.0
14.052387952804565,149.87895640830357,154.7536722848533,161.42073632360493,140.75805576537647,155.72907362782752,165.1441154583563,143.57485206052226,174.91800727222662,142.635962497414,154.84675452605984,0.0,8.621472585717829,0.7592632174491882,0.6508808135986328,0.0,0.0,,,,,,,,,,,,,,,,,59.775993496553085,0.0,45.915602395792114,0.0
14.128232955932617,,,,,,,,,,,,,,,,,,,,,,,,,,,,,,,,,98.33543322353242,0.0,78.80656989661165,0.0
14.209285974502563,,,,,,,,,,,,,,,,,,,,,,,,,,,,,,,,,107.88976727557375,1.0,91.17884692860538,0.0
14.264379739761353,,,,,,,,,,,,,,,,,,,,,,,,,,,,,,,,,106.53143058991274,1.0,92.00942004757114,0.0
14.331463813781738,,,,,,,,,,,,,,,,,,,,,,,,,,,,,,,,,100.47102998808252,0.0,83.60589393638381,0.0
14.398984909057617,,,,,,,,,,,,,,,,,,,,,,,,,,,,,,,,,96.38497458105113,0.0,77.99202937353664,0.0
14.466702938079834,,,,,,,,,,,,,,,,,,,,,,,,,,,,,,,,,92.46031525521677,0.0,73.15833549983032,0.0
14.53290581703186,160.36509648783544,144.38038613566366,164.29166798511855,109.09978724002829,139.29154013505087,155.225872321604,148.3019578570183,148.2794833514485,159.13467974004465,158.77522588224852,0.0,5.377421892629106,0.29737746715545654,0.4060087502002716,0.0,0.0,,,,,,,,,,,,,,,,,90.38627739113554,0.0,71.10069664124102,0.0
14.610268115997314,151.7901413163866,169.5283358268907,173.37874618837174,165.16206809046326,160.35763805678192,163.06364144608628,156.5530799037436,161.7709672177498,169.50731173256938,173.32652773840275,1.0,7.8648435385388105,0.4209449291229248,0.49794095754623413,1.0,0.0,,,,,,,,,,,,,,,,,86.30702400762888,0.0,67.60959069525929,0.0
14.6754150390625,171.2953400260272,157.92413112895147,154.85838331599118,162.05225176199463,157.30502888550157,166.29507745166802,157.24232788188144,168.73419503151422,166.78102672807606,175.98736224215085,1.0,5.649306235784579,0.4878382086753845,0.518401563167572,1.0,0.0,,,,,,,,,,,,,,,,,85.29640309830626,0.0,65.32265786199329,0.0
14.74141788482666,151.87507572845342,169.8738117738727,163.89851738538042,153.97737134106748,156.08517631480044,158.14585112130672,155.61558377626898,158.96557305858505,162.08501865723412,170.83238859539287,1.0,6.3764284425432285,0.42142441868782043,0.5610471963882446,1.0,0.0,158.19918827963474,143.65049477328446,159.3508157024398,144.6009486013975,126.81485930866766,176.6618183918148,155.489816708733,162.83216481267564,165.27489448634194,156.0507940522251,1.0,6.3764284425432285,0.42142441868782043,0.5610471963882446,1.0,0.0,71.60303247348226,0.0,60.903272202759126,0.0
14.819729089736938,169.26910346809728,172.54214792186005,165.5502370190614,171.62473211633875,148.72329560188118,159.45404458202393,168.57310833730665,171.97057601113224,165.4948303505563,168.16562026768764,1.0,8.653240384400759,0.5523191094398499,0.620941162109375,1.0,0.0,,,,,,,,,,,,,,,,,49.55466278009751,0.0,41.24957448757408,0.0
14.870588779449463,170.5236055611044,174.05703160678394,168.5530265538744,170.34986658150314,158.59744937036618,160.0645327855958,164.38738914811486,171.25003261461273,171.18926886727704,168.7926964028797,1.0,6.383589182035199,0.6306537985801697,0.7883622646331787,1.0,0.0,174.8555101968837,132.80049560146463,151.1103648720555,169.64574877354838,153.69134946625678,161.99600419118354,173.16289908050925,167.70250679550762,166.78301314796954,167.9438618786432,1.0,6.383589182035199,0.6306537985801697,0.7883622646331787,1.0,1.0,32.31676220679011,0.0,27.968088822107315,0.0
14.963571786880493,174.32787740735768,165.68812476955188,167.01330506617273,163.1196748259187,135.95955816683482,157.34555835102876,169.53551609690933,170.4917150592146,157.27050671195158,173.5932317152506,1.0,6.755721646271374,0.6327676773071289,0.7830072641372681,1.0,0.0,157.5795623178692,136.62208698681212,153.07788610479284,176.28906802482538,173.9413575174793,177.18165214463653,167.5384316140044,160.43331396179084,161.98025482514296,167.72736857602956,1.0,6.755721646271374,0.6327676773071289,0.7830072641372681,1.0,1.0,23.926985705056072,0.0,20.669201999171282,0.0
15.042009115219116,172.07293258175625,142.30938794694617,154.70313098643427,157.76138537914838,151.37993057755048,161.6412682429414,158.25100926458362,159.15921084401893,174.17139454244264,166.10233039881103,1.0,7.564132595817882,0.6088245511054993,0.8047497272491455,1.0,0.0,171.4575746937254,132.18436295121353,135.4515755104087,164.3957916704234,166.84885040727886,165.76501473226793,158.79365663714808,168.59806097932935,169.59377743140035,165.03751638906277,1.0,7.564132595817882,0.6088245511054993,0.8047497272491455,1.0,0.0,29.268019997454417,0.0,22.61464269723131,0.0
15.106693029403687,161.60574801752765,158.32400999733525,126.51073057438839,161.86902975100386,164.5287119696323,161.1604056820861,148.42375301878863,168.05284810398365,157.12293012383003,167.4490273669334,0.0,7.676622287633673,0.5631390810012817,0.4548183083534241,1.0,0.0,,,,,,,,,,,,,,,,,38.115908503659924,0.0,28.351186985135964,0.0
15.17287802696228,153.60875212001955,157.80841821468096,161.05531208896357,151.9655646905593,159.20384433498876,158.0451268229482,151.23591535901664,161.05106281437116,167.63032079148894,171.81784270616336,1.0,5.272954368486439,0.7482202053070068,0.5587711334228516,1.0,0.0,172.14632030963094,135.65857163884752,159.22776979100394,162.7256606780281,138.10400120363897,159.13983886383681,161.93465012560424,174.11210499285787,163.80577149432293,159.94792226629144,1.0,5.272954368486439,0.7482202053070068,0.5587711334228516,1.0,0.0,65.27497432004816,0.0,43.51243891158213,0.0
15.262302875518799,,,,,,,,,,,,,,,,,,,,,,,,,,,,,,,,,91.85886473582049,0.0,64.62264097469209,0.0
15.341026067733765,,,,,,,,,,,,,,,,,,,,,,,,,,,,,,,,,97.43935192869051,0.0,76.7023946122176,0.0
15.396881818771362,,,,,,,,,,,,,,,,,,,,,,,,,,,,,,,,,95.10631882811406,0.0,77.74827235867048,0.0
15.465178966522217,,,,,,,,,,,,,,,,,,,,,,,,,,,,,,,,,92.40015654778573,0.0,74.95844784130344,0.0
15.532717943191528,,,,,,,,,,,,,,,,,,,,,,,,,,,,,,,,,88.26031286459751,0.0,70.74153038123958,0.0
15.599183082580566,153.56404129961533,155.72104086188472,174.20853767944493,136.8866804752908,143.37275446046078,149.1247454926677,136.52663101890786,144.99859020510496,157.35259044486668,159.54764447598484,0.0,3.0314446218298188,0.3885003626346588,0.4947179853916168,0.0,0.0,,,,,,,,,,,,,,,,,84.22510709050779,0.0,69.36716596617134,0.0
15.685482025146484,,,,,,,,,,,,,,,,,175.79047940488633,131.43661011855397,155.9070166153371,170.29179427207583,157.44170391758627,179.10956592062325,167.59668013714688,171.1604423666749,171.2617366163168,155.75915846689375,1.0,7.3460651301993325,0.7730216979980469,0.5751805305480957,1.0,0.0,57.43006097916628,0.0,49.89731789471482,0.0
15.748670816421509,175.33062035776584,148.76160045742841,158.0011140630216,145.87492909451402,146.33372603247898,161.36667295859877,150.49566915499804,156.93041551296582,154.00413815374847,168.19155915273538,0.0,10.153016694638634,0.8193694353103638,0.7219476103782654,1.0,0.0,176.15325265420097,128.552062811349,144.74408460034212,155.89253106449783,158.49121000890835,165.13275774943668,169.80138281126105,155.50656600817666,175.7337289245673,153.14454786867634,0.0,10.153016694638634,0.8193694353103638,0.7219476103782654,1.0,0.0,31.669706136159206,0.0,28.25929312220436,0.0
15.829603910446167,,,,,,,,,,,,,,,,,,,,,,,,,,,,,,,,,5.311904042042516,0.0,2.9122848316075496,0.0
15.906497955322266,,,,,,,,,,,,,,,,,,,,,,,,,,,,,,,,,60.48052211624468,0.0,44.42107961848614,0.0
15.973857879638672,,,,,,,,,,,,,,,,,,,,,,,,,,,,,,,,,154.83918686012078,0.0,136.5900392797647,0.0
16.02970290184021,,,,,,,,,,,,,,,,,,,,,,,,,,,,,,,,,156.2966771931949,0.0,0.0,0.0
16.098586082458496,,,,,,,,,,,,,,,,,,,,,,,,,,,,,,,,,0.0,0.0,0.0,0.0
16.165087938308716,,,,,,,,,,,,,,,,,,,,,,,,,,,,,,,,,151.9036619595648,0.0,139.04350733983293,0.0
16.231089115142822,154.5424943532334,142.11295468359754,142.8330819710059,154.36877354197503,153.49922628785222,163.86414842400328,154.16963062437682,145.17838213732034,150.86365101696302,165.21333727220394,0.0,9.546702492312729,1.0449365377426147,0.5791026949882507,0.0,0.0,163.70610080852308,137.4554838344393,165.28006809662804,143.3891402694061,151.5996904538072,139.45931050108877,169.91253917215937,144.19880972112205,173.78488877763155,154.23153394178638,0.0,9.546702492312729,1.0449365377426147,0.5791026949882507,0.0,0.0,32.53540157347367,0.0,59.84227207050162,0.0
16.318962812423706,,,,,,,,,,,,,,,,,,,,,,,,,,,,,,,,,7.01305135395866,0.0,6.791105168042262,0.0
16.369852781295776,,,,,,,,,,,,,,,,,,,,,,,,,,,,,,,,,18.145187556342012,0.0,14.565313853975622,0.0
16.44842791557312,159.16678584918967,159.39041207688234,148.20384146110536,161.30209396090424,153.4906096778373,166.5213137493752,155.15637279876498,159.16384770211224,174.5437135423526,170.39403271659063,1.0,9.237738102196907,0.6705970764160156,0.7877960801124573,1.0,0.0,170.36397466336388,122.68925206961796,153.44417368754694,164.00465792457456,159.46775960741337,169.98886707082013,158.18652934717292,174.7480460007173,173.84903374146327,168.37089919605086,1.0,9.237738102196907,0.6705970764160156,0.7877960801124573,1.0,0.0,35.137705612510885,0.0,36.37066314717781,0.0
16.517559051513672,,,,,,,,,,,,,,,,,,,,,,,,,,,,,,,,,51.211972888983084,0.0,56.58624719527613,0.0
16.56794786453247,155.95340540302016,144.66592802523243,166.83291922595922,116.71819411286555,143.30514806864647,150.24688907647695,154.00881348816904,136.5518821403124,159.26065973530388,159.67474417222346,0.0,3.9243089695641102,0.3466920554637909,0.4730294346809387,0.0,0.0,170.5151670282994,149.10264507252367,174.12546989484645,137.40358825531413,144.98340486727875,162.64582927844143,162.3024888076262,158.1488146163468,164.5158124547331,158.08613052401805,0.0,3.9243089695641102,0.3466920554637909,0.4730294346809387,0.0,0.0,63.770061045982644,0.0,67.33839027965529,0.0
16.653032779693604,,,,,,,,,,,,,,,,,162.7818726661212,139.40796290795672,170.5469071936155,126.30172900930162,167.2430418465645,153.1505736930227,170.25145441714326,134.63960971752846,173.6846556386345,170.0945996391476,0.0,5.762249529193517,0.3562147915363312,0.327359139919281,0.0,0.0,74.54452349643415,0.0,71.37389290280336,0.0
16.70289397239685,,,,,,,,,,,,,,,,,144.98300016227984,152.61202068787603,159.34216941936606,125.63478929338709,132.76898822145077,121.48366662039723,142.26132656819607,142.64923374255793,175.09803151553865,164.59716019885158,0.0,11.925851675134703,0.30565494298934937,0.2873557507991791,0.0,0.0,75.48442366966557,0.0,73.12717240783154,0.0
16.77462911605835,,,,,,,,,,,,,,,,,151.46463857831657,153.89034016876275,156.16948507467959,128.18067627867876,145.71637498264042,126.61437729943728,147.0385246591851,141.8653007785628,174.51487733850428,164.64340046382688,0.0,12.269449906220162,0.3086031973361969,0.3233214020729065,0.0,0.0,77.64658439910232,0.0,73.66401706500564,0.0
16.840123176574707,,,,,,,,,,,,,,,,,144.61663375377873,159.29053804483527,165.52748096586555,131.38067626328527,136.53620182770024,127.64622540096717,145.109299623089,148.18541285580136,175.64571338030999,162.69569211184466,0.0,10.54879868086758,0.3415408730506897,0.30398717522621155,0.0,0.0,75.886227977447,0.0,71.49292624445124,0.0
16.908317804336548,133.309814541144,118.27551362659666,171.67307625501417,95.33798986297766,117.98757795022345,142.54855613085675,145.71330734390284,114.05893070698701,166.6882158705905,175.1577834790126,0.0,4.968815654305497,0.3308894634246826,0.3293616473674774,0.0,0.0,150.51042881619665,150.37956706415187,152.22267816577505,120.84473575053549,124.74846295466179,118.0818694072891,131.71420669507194,135.74692447028718,166.0984919531903,167.70797566814298,0.0,4.968815654305497,0.3308894634246826,0.3293616473674774,0.0,0.0,73.34396445336044,0.0,70.61122569324735,0.0
16.98388981819153,,,,,,,,,,,,,,,,,131.17959494811632,148.97616435089714,139.61410420430337,118.75683850261326,111.97339717434386,112.83985131321789,129.61275732205618,135.35225442434322,171.138423524807,166.90745781502923,0.0,4.6968610578728285,0.32886427640914917,0.323887437582016,0.0,0.0,72.3197989209412,0.0,70.1113321853839,0.0
17.037999153137207,,,,,,,,,,,,,,,,,141.03723268321943,146.8684336378298,154.04928784068255,126.35920304799409,123.78369961141635,112.7875673428414,138.21790078714875,137.71198371788756,175.6653240733282,166.86379373564148,0.0,7.296540472793887,0.3092731833457947,0.32038289308547974,0.0,0.0,71.8777732352591,0.0,68.96586820003839,0.0
17.10585594177246,156.88567711089325,165.50335460715132,161.18843015523473,149.1703218903978,168.41632353636268,151.6958385092556,171.00533635104622,164.56953998932266,158.41646398636922,176.13471702237806,0.0,4.613332475757282,0.5210154056549072,0.43546801805496216,1.0,0.0,169.45707903895737,145.5210598575919,174.7174668313804,142.71807472588887,146.87085805855287,166.22333352263033,169.30559069846012,164.82145220577655,163.0226581682189,161.5794241347049,0.0,4.613332475757282,0.5210154056549072,0.43546801805496216,1.0,0.0,69.1786774289692,0.0,65.72869851593855,0.0
17.17158603668213,,,,,,,,,,,,,,,,,,,,,,,,,,,,,,,,,56.74478071485431,0.0,56.08830232727501,0.0
17.238111972808838,168.04997791466926,152.57750476725474,160.0865397279652,153.55630234224634,157.74523879114918,166.8096265968194,158.49483362893127,162.11589738999527,175.0031110656088,161.06212967512596,1.0,3.756296819842618,0.6409983038902283,0.8242865800857544,1.0,0.0,177.04805809670833,137.72048080962807,156.43841197033296,154.70923764413953,161.80164781157578,159.69048101730758,171.8304020670432,155.59320974938166,176.04027181614325,162.755311096533,1.0,3.756296819842618,0.6409983038902283,0.8242865800857544,1.0,1.0,33.80289094924332,0.0,33.55479723585457,0.0
17.31843400001526,,,,,,,,,,,,,,,,,,,,,,,,,,,,,,,,,18.702475601793147,0.0,16.373111322057635,0.0
17.368004083633423,,,,,,,,,,,,,,,,,,,,,,,,,,,,,,,,,0.6236960860982054,0.0,7.835438968380934,0.0
17.430263996124268,,,,,,,,,,,,,,,,,,,,,,,,,,,,,,,,,62.886953268741166,0.0,59.18521166778617,0.0
17.497786045074463,,,,,,,,,,,,,,,,,,,,,,,,,,,,,,,,,146.49110001850477,0.0,126.57157008096742,0.0
17.563431978225708,,,,,,,,,,,,,,,,,,,,,,,,,,,,,,,,,148.87859948221413,0.0,130.22018138259187,0.0
17.631114959716797,,,,,,,,,,,,,,,,,,,,,,,,,,,,,,,,,102.20641329912578,0.0,70.37939133895088,0.0
17.69814896583557,157.5593168151704,156.49078668260128,150.778969740563,171.5118663241293,170.5266552158292,166.23953365480395,137.46368680859172,154.65582705996076,152.4867689497616,162.65627416867352,1.0,4.8747565916597235,0.6061854362487793,0.6413660645484924,0.0,0.0,,,,,,,,,,,,,,,,,15.484571298755801,0.0,24.56192792426709,0.0
17.786550045013428,,,,,,,,,,,,,,,,,,,,,,,,,,,,,,,,,22.012557282285805,0.0,6.709989064767675,0.0
17.837604999542236,,,,,,,,,,,,,,,,,174.23193689311142,146.9133609462661,148.5691859147797,175.38870605361254,155.13934112576268,166.78798795212072,164.61562200731964,162.37041322466246,171.43693071080213,153.8360727283447,1.0,9.183117357016572,0.5886132121086121,0.7489518523216248,1.0,0.0,35.932966310892034,0.0,28.214641009103843,0.0
17.91780710220337,167.8143170161191,164.14502982698096,157.27674762720608,164.68695770922506,167.04186029017995,162.53276850587392,148.3776926787131,172.57505634471372,170.25833442836063,170.41673498113892,1.0,9.556684094061218,0.5676530003547668,0.6936503052711487,1.0,0.0,,,,,,,,,,,,,,,,,62.58826405844219,0.0,51.655023155054984,0.0
17.99385690689087,,,,,,,,,,,,,,,,,,,,,,,,,,,,,,,,,87.66137587513097,0.0,76.86298141477371,0.0
18.074701070785522,,,,,,,,,,,,,,,,,,,,,,,,,,,,,,,,,90.25295885203757,0.0,80.55767166804512,0.0
18.129085779190063,,,,,,,,,,,,,,,,,,,,,,,,,,,,,,,,,85.06638333558342,0.0,77.69716808795548,0.0
18.1964111328125,,,,,,,,,,,,,,,,,138.71650046318513,153.5607046231495,166.41536497112992,148.8440068171692,155.05722889179256,151.85381282528206,167.3350494515461,167.25176749328236,177.5221921147568,176.1043383116057,0.0,3.626498494713189,0.2709499001502991,0.45535674691200256,1.0,0.0,77.70158094984258,0.0,70.79229457282935,0.0
18.28621196746826,162.1713953077037,163.97413673787426,165.91395097336823,149.50902756805016,143.77876410687833,143.07047176939247,156.27701839025713,153.90408646040092,167.16746409755817,171.33181405406808,0.0,9.48168235094498,0.45011529326438904,0.5344022512435913,1.0,0.0,162.729053701083,154.6342148182467,148.3507049164797,170.3705259707414,147.02205776984178,171.26985543006825,173.58668558487622,156.8996958495073,161.92937572578526,144.8738489293922,0.0,9.48168235094498,0.45011529326438904,0.5344022512435913,1.0,1.0,67.26833639743073,0.0,61.6684860025556,0.0
18.34723401069641,,,,,,,,,,,,,,,,,,,,,,,,,,,,,,,,,50.93928338928951,0.0,49.4056922931677,0.0
18.40200185775757,167.95089454459256,159.8852867159966,155.13425649476684,154.820252917534,166.522603168249,159.9212658397159,153.59595507040066,165.74891335679845,168.9750908183433,163.38675028508507,1.0,6.658291357822809,0.5329941511154175,0.7083425521850586,1.0,0.0,,,,,,,,,,,,,,,,,25.28698097284341,0.0,24.582295064924747,0.0
18.484419107437134,170.37405856922908,155.27324043459902,160.48758462313347,155.1888982384897,162.1893400322505,155.7190143743301,170.74139449364253,163.51312606297478,164.75582649548397,166.8176957982374,1.0,1.7333649658579913,0.5548955202102661,0.6312496066093445,1.0,0.0,,,,,,,,,,,,,,,,,10.878133226790064,0.0,9.44250313583619,0.0
18.549560070037842,163.67920960492566,166.0312035816314,160.25153316595757,168.18943992821931,157.74882796481623,164.52497412616944,144.64670600547134,167.6684643955211,161.18446957629038,176.58012173969294,1.0,5.667213908772463,0.6978008151054382,0.6432876586914062,0.0,0.0,,,,,,,,,,,,,,,,,65.04628802069125,0.0,59.32073338569595,0.0
18.624477863311768,,,,,,,,,,,,,,,,,,,,,,,,,,,,,,,,,143.88223956238943,0.0,141.75141893131638,0.0
18.679520845413208,,,,,,,,,,,,,,,,,,,,,,,,,,,,,,,,,153.55677781717642,0.0,137.04539195949343,0.0
18.725702047348022,,,,,,,,,,,,,,,,,,,,,,,,,,,,,,,,,159.58401283775785,0.0,138.40962447860508,0.0
18.75889492034912,,,,,,,,,,,,,,,,,,,,,,,,,,,,,,,,,156.55051377578076,0.0,132.4858144232431,0.0
18.79193902015686,,,,,,,,,,,,,,,,,,,,,,,,,,,,,,,,,92.79752981192497,0.0,84.94131308243963,0.0
18.825150966644287,,,,,,,,,,,,,,,,,,,,,,,,,,,,,,,,,84.24436531776362,0.0,63.29022833860875,0.0
18.858590841293335,160.95056784266706,157.10502477032844,148.5059862062159,157.7125286843125,144.10543674693903,171.14075157910784,154.72830983540493,149.79578394112187,161.60593200162307,166.25661497922175,1.0,8.261917085120398,0.6430463194847107,0.5396654009819031,0.0,0.0,172.15317127641646,143.00437846297189,151.14417876705105,160.16266158455622,133.86174391302444,106.2567488052843,164.72106910904034,71.9978180549474,172.65639252636285,155.34674071345052,1.0,8.261917085120398,0.6430463194847107,0.5396654009819031,0.0,0.0,40.95554442729321,0.0,34.68168785343106,0.0
18.91438102722168,,,,,,,,,,,,,,,,,,,,,,,,,,,,,,,,,17.545521253623107,0.0,1.7880503901359672,0.0
18.967535972595215,,,,,,,,,,,,,,,,,,,,,,,,,,,,,,,,,33.063297539303015,0.0,21.47841369573914,0.0
19.040371894836426,156.17819267222458,159.39726279246588,151.67381383355254,160.720743983978,164.9827477446103,158.6054148836399,159.16552796651638,166.56789757448223,173.5076177714663,171.17674735828632,1.0,5.8200238443340435,0.7516924142837524,0.7417179942131042,1.0,0.0,166.7756962079889,144.31304264669222,160.63195669916658,175.84018152445353,154.65682434983188,169.67823363577975,172.60734069654998,166.7534413179761,174.81915182415017,151.57535207267313,1.0,5.8200238443340435,0.7516924142837524,0.7417179942131042,1.0,0.0,59.90327614022837,0.0,46.68637908438682,0.0
19.116461992263794,,,,,,,,,,,,,,,,,,,,,,,,,,,,,,,,,87.12166385587749,0.0,70.383225375062,0.0
19.169195890426636,,,,,,,,,,,,,,,,,,,,,,,,,,,,,,,,,100.39679109553043,0.0,83.26654632719304,0.0
19.227776050567627,,,,,,,,,,,,,,,,,,,,,,,,,,,,,,,,,101.32348666089383,0.0,91.07255057577606,0.0
19.297145128250122,,,,,,,,,,,,,,,,,,,,,,,,,,,,,,,,,99.51867132601566,0.0,89.39407253913222,0.0
19.364305019378662,,,,,,,,,,,,,,,,,,,,,,,,,,,,,,,,,94.70043284009661,0.0,84.99245152443706,0.0
19.430381059646606,120.40978130849562,149.5057701428892,119.88586042100839,121.16521908102766,121.68611930196465,122.54838692270465,132.07019438164065,133.43284694290355,162.6105998132057,169.06389493110734,0.0,7.2911336889494,0.32553786039352417,0.2924085855484009,0.0,0.0,,,,,,,,,,,,,,,,,85.68408481847263,0.0,75.4336224737508,0.0
19.50796389579773,,,,,,,,,,,,,,,,,171.16004234657103,146.9622133526423,150.44222160826223,169.23259219771506,143.6334834990469,170.71835008135702,163.7780349269833,162.50414251111573,157.91604536388817,149.8860550970792,1.0,14.445574455049595,0.6891403794288635,0.5696434378623962,1.0,1.0,75.08128854069922,0.0,73.34603194382197,0.0
19.583346843719482,170.6619221979635,148.98816644277244,164.54715807079506,163.7316698298266,136.3508981149489,169.76795361495425,154.66259339368386,163.23696346253212,153.93806581625248,171.9294350300198,1.0,4.333591379183003,0.7066439986228943,0.47639530897140503,1.0,0.0,161.96892042781812,132.6894232684194,151.7736952596299,166.45711310012578,160.6281468916719,167.95347965663854,177.55839867154654,169.3359802452025,163.28992637681836,156.60564514423825,1.0,4.333591379183003,0.7066439986228943,0.47639530897140503,1.0,1.0,36.56697859656111,0.0,42.07034978026706,0.0
19.658499002456665,,,,,,,,,,,,,,,,,,,,,,,,,,,,,,,,,19.88822781187565,0.0,20.838245246175834,0.0
19.700176000595093,164.7354738630888,155.48575040706933,164.28072283132408,143.05960544701057,155.50963870277798,152.65048657104015,167.13591944083717,155.02292290370403,170.42180313101534,159.5091524974447,0.0,3.8201853238910584,1.5216861963272095,0.49616360664367676,0.0,0.0,174.48718675303664,149.05136073036078,174.53133660712436,118.97779571969495,157.29033120658036,131.47743892014472,174.8264940074278,130.50997922718707,162.09541322595285,162.7635381722053,0.0,3.8201853238910584,1.5216861963272095,0.49616360664367676,0.0,0.0,8.046398311322006,0.0,2.6321750891969105,0.0
19.78508996963501,,,,,,,,,,,,,,,,,,,,,,,,,,,,,,,,,20.233838705104517,0.0,77.71770867462126,0.0
19.835121870040894,,,,,,,,,,,,,,,,,141.65264999576823,160.5942301770231,162.6646161343893,141.11189304846243,138.718772809077,157.8287709110564,172.26284558794487,155.9945474300731,140.5855931408269,167.34171783507242,0.0,7.181956715826195,0.5887719988822937,0.5166149735450745,1.0,0.0,138.13707448227763,0.0,112.16630203289711,0.0
19.907506942749023,141.1650320640905,160.6535317454927,161.75834017886814,149.98369174684433,148.42665539585371,170.2960481010696,159.15947962047002,175.10555077474984,126.14121413316339,165.03471247125913,0.0,6.623149078234645,0.6083098649978638,0.6794849634170532,1.0,0.0,144.963751628478,170.6385468205321,160.37299482324673,138.73504974081894,140.04584022139275,161.3161076097059,165.668161743316,162.47533498605213,159.29360927510726,151.28197296824985,0.0,6.623149078234645,0.6083098649978638,0.6794849634170532,1.0,0.0,97.27926109465334,0.0,75.95743793053593,0.0
19.983001947402954,,,,,,,,,,,,,,,,,,,,,,,,,,,,,,,,,24.948107256452218,0.0,54.26573564408382,0.0
20.033733129501343,159.04563236805504,152.05243139770252,157.83814816438604,148.74329179139204,167.03348661428208,157.46891572515233,156.08691181430922,157.14453254506452,172.09299087821168,159.60203412618654,0.0,2.1620222784108405,0.6537500023841858,0.6204560399055481,1.0,0.0,,,,,,,,,,,,,,,,,45.38448876382017,0.0,5.065349096672075,0.0
20.106827974319458,,,,,,,,,,,,,,,,,,,,,,,,,,,,,,,,,27.560233948295924,0.0,18.553361033226846,0.0
20.181371927261353,168.3742033525845,157.02453096035447,160.67786490855315,165.27751466416177,123.05831152753395,173.65798098799567,149.91028236841282,166.95774085556155,161.6725645127066,172.62203282986457,1.0,9.206263699985882,0.7027856707572937,1.041431188583374,1.0,0.0,,,,,,,,,,,,,,,,,46.58302768484249,0.0,41.08471800669684,0.0
20.249073028564453,169.44217646032874,163.72570957188566,157.70846788293662,162.49785042506534,162.7426322611031,161.31974322251398,157.09852978181408,163.3795611173807,178.20256154014584,168.12057722909537,1.0,8.67201460462984,0.6841697096824646,0.7504037618637085,0.0,0.0,164.32978183212464,134.0015452143652,159.324287533154,150.586789807882,134.92537119586305,167.05932509503523,165.17203316312447,114.68932427071174,172.34331903024508,153.98778064046581,1.0,8.67201460462984,0.6841697096824646,0.7504037618637085,0.0,0.0,73.26293508502957,0.0,61.980031674488444,0.0
20.324527978897095,,,,,,,,,,,,,,,,,,,,,,,,,,,,,,,,,89.62050689910572,0.0,78.51829822363668,0.0
20.36609983444214,,,,,,,,,,,,,,,,,,,,,,,,,,,,,,,,,93.19763346270038,0.0,82.48279964818,0.0
20.429018020629883,86.7403885670851,145.11521664043067,75.87459563781019,114.28086970608345,129.41465694154112,120.93992565239964,118.52363509586309,111.50377425545567,170.1783712771673,177.06488362111068,0.0,7.9377330428471415,0.2602859437465668,0.282630056142807,0.0,0.0,,,,,,,,,,,,,,,,,86.20610136954625,0.0,75.33077583422232,0.0
20.507631063461304,,,,,,,,,,,,,,,,,,,,,,,,,,,,,,,,,71.42138686760386,0.0,62.33199385613495,0.0
20.579174041748047,,,,,,,,,,,,,,,,,,,,,,,,,,,,,,,,,47.468841059926305,0.0,46.927503491255436,0.0
20.64927577972412,,,,,,,,,,,,,,,,,,,,,,,,,,,,,,,,,20.746697367154788,0.0,18.264164557675482,0.0
20.713034868240356,167.0934681536137,158.65762105145487,163.43324236557444,158.5106297180759,149.34428226382983,161.3297366767369,158.20810980971763,164.75928180664428,176.85421268450875,166.8264291756978,1.0,6.752411317175695,0.5128476023674011,0.7958967089653015,1.0,0.0,,,,,,,,,,,,,,,,,5.0162204616007875,0.0,1.7781726070518504,0.0
20.772244930267334,161.45411055525602,148.81372862752085,157.0202617780809,149.2111217742397,158.54290862878617,164.70351867864932,159.66711600301082,156.28673123149179,163.32486953723728,165.57524893621797,0.0,5.410010916407878,0.7366586327552795,1.0239686965942383,0.0,0.0,175.68502372118132,142.33370926770604,140.02248917308447,155.15714500863365,150.24108838996955,171.7215821159906,144.91865038978415,157.23038614429007,173.84511466385516,153.20948404731323,0.0,5.410010916407878,0.7366586327552795,1.0239686965942383,0.0,0.0,7.229032973277956,0.0,19.53902252605659,0.0
20.860498905181885,,,,,,,,,,,,,,,,,,,,,,,,,,,,,,,,,70.95099498945517,0.0,73.85318284218734,0.0
20.938066959381104,151.38887956057644,148.68210899800278,153.54924783984308,176.53309918724864,109.3057557577152,171.8750311637919,139.5116008340625,160.75944483115418,151.7454966953099,148.61027221332816,1.0,9.085190795028291,0.7860354781150818,0.5425916314125061,0.0,0.0,145.2411806760765,167.96457894280854,172.5842850832291,143.44409194119862,134.04920717093927,151.2764865464667,173.30352775011536,150.9505969970125,166.40410132261516,167.92471426283277,1.0,9.085190795028291,0.7860354781150818,0.5425916314125061,0.0,0.0,75.01828525322372,0.0,79.03109371850915,0.0
21.01627802848816,,,,,,,,,,,,,,,,,,,,,,,,,,,,,,,,,52.79113275794419,0.0,78.21467074454499,0.0
21.067198991775513,168.5643548780609,142.1776324407653,172.21164628189894,146.84405445147414,161.74385731305895,147.912235445896,162.75490790635902,159.27376020334066,168.289149299923,166.75582614318907,0.0,7.0597475945149695,0.754551887512207,0.34888023138046265,1.0,0.0,176.13000841529544,136.7205857968543,138.58550928641813,171.384179087274,152.3245769235957,164.8327517956385,166.21626527408884,159.6386917863086,170.6161716440144,162.63766772346136,0.0,7.0597475945149695,0.754551887512207,0.34888023138046265,1.0,0.0,4.647555949996318,0.0,23.03574551082441,0.0
21.149682760238647,,,,,,,,,,,,,,,,,,,,,,,,,,,,,,,,,18.934208052633817,0.0,0.25868789467819786,0.0
21.2017719745636,167.1311191648127,162.04158229588103,157.48837946462578,168.27124376126477,159.0923691263612,164.68581978480873,160.23998402302192,168.14216354418318,168.08501099967168,165.64744060726434,1.0,7.179716438853149,0.7078858017921448,0.44863805174827576,0.0,0.0,176.24370318015738,140.03256297085372,162.78576108836018,167.00262604033594,155.60670958238515,153.9984820449247,178.0700402630701,131.27328734624734,164.2657420346314,156.47860685113125,1.0,7.179716438853149,0.7078858017921448,0.44863805174827576,0.0,0.0,30.450699749619233,0.0,20.60778327172385,0.0
21.28460383415222,,,,,,,,,,,,,,,,,,,,,,,,,,,,,,,,,49.84509081038197,0.0,41.52464988411253,0.0
21.334194898605347,160.96054200787938,161.4840582594765,170.02501973072637,160.97079353280836,165.3879770140244,166.46696056438503,166.48566822501454,171.99170322535159,170.7902575870028,171.64757630310976,1.0,5.123652694311335,0.6340001821517944,0.3442517817020416,1.0,0.0,174.5823877820536,121.36346104426154,149.23019488055942,153.89467057224726,161.699387515356,165.4783004466102,171.2854168058439,150.47719436972042,164.44109151601148,152.74540131304218,1.0,5.123652694311335,0.6340001821517944,0.3442517817020416,1.0,1.0,70.10936742017734,0.0,58.93891926093198,0.0
21.416833877563477,,,,,,,,,,,,,,,,,116.35103435638919,141.2899426799813,85.02268908166717,117.2360907747998,113.77103857914159,123.2990994275274,112.78494478086054,128.0273447492897,178.24319693078203,171.9359568328095,0.0,11.053890869169942,0.3298158347606659,0.3098255395889282,0.0,0.0,82.11425074015565,0.0,71.35199988310663,0.0
21.46886706352234,,,,,,,,,,,,,,,,,120.27600964424643,158.71788903132023,97.87293609106258,129.64968561561554,152.23342286130512,108.98566779527596,141.96361169704568,138.5217444279419,177.47748962944064,162.45112585391325,0.0,10.65449275271879,0.3067387342453003,0.3214297592639923,0.0,0.0,85.54497513668957,0.0,74.17110936557056,0.0
21.54052710533142,149.3262563994117,147.51156689755567,166.67863770293152,148.4771755190312,145.2757705754523,140.20383280949903,163.69274103286742,156.8360191948031,175.93196171341162,172.8506505276177,0.0,9.999496337038776,0.3174660801887512,0.3015606105327606,0.0,0.0,135.6212196496948,155.7352639671571,133.19768265344067,128.8719786510254,117.13051090181354,137.16076179086747,111.98179560965279,147.68850838794913,171.65169155511373,165.18001527802733,0.0,9.999496337038776,0.3174660801887512,0.3015606105327606,0.0,0.0,83.73955919532598,0.0,73.91696613186427,0.0
21.615780115127563,,,,,,,,,,,,,,,,,139.41871845153537,149.97047765331422,178.30534082787293,136.84700981061835,97.20216351525514,137.23934348079436,162.06593271927176,142.50221959084936,156.55189550406536,166.70445193559718,0.0,4.530818156815814,0.3131767213344574,0.33726054430007935,0.0,0.0,77.59488945936558,0.0,69.91979422389814,0.0
21.667614936828613,,,,,,,,,,,,,,,,,163.69417627216953,149.54712375686898,169.73641449105133,149.83971977015236,172.28151253107347,166.08784925541644,169.19556521684868,162.6555180838258,169.07361988329095,154.62862714414584,0.0,5.516651162936726,0.5053671002388,0.5079646706581116,1.0,0.0,71.69256214137113,0.0,62.05760301772889,0.0
21.736021041870117,,,,,,,,,,,,,,,,,168.00224104270043,157.16293356555857,163.87305979002718,164.38103306979272,148.99773930275805,171.70546899938057,168.65059260925034,163.66413485895634,162.01000867577307,164.232076542126,1.0,9.151156103319135,0.5257667303085327,0.6487869620323181,1.0,0.0,67.83472128296818,0.0,59.93754429937524,0.0
21.804675102233887,173.98803273640277,147.34773155051911,160.45220801834162,150.9000749914143,156.73117659042828,168.8001138003922,153.32525456289179,163.75205314677194,162.8115246518812,176.5768600647513,1.0,5.474286558625063,0.544277012348175,0.8550205826759338,1.0,0.0,,,,,,,,,,,,,,,,,44.77355318320891,0.0,33.98572137025551,0.0
21.893745183944702,,,,,,,,,,,,,,,,,,,,,,,,,,,,,,,,,10.692311133782308,0.0,3.7661882616639666,0.0
21.982505798339844,,,,,,,,,,,,,,,,,,,,,,,,,,,,,,,,,178.63929380397246,0.0,29.08967107318174,0.0
22.02637004852295,,,,,,,,,,,,,,,,,,,,,,,,,,,,,,,,,148.78723299081415,0.0,87.76849910147307,0.0
22.095603942871094,,,,,,,,,,,,,,,,,143.18286495242003,164.7949447700811,177.56329360954797,144.21450530716388,144.22105273649933,146.23259389059749,169.71357354613824,153.65798920789328,171.3231849515053,163.75836469667402,0.0,6.562857774335803,0.7047996520996094,0.5326645970344543,1.0,0.0,151.09134145432705,0.0,73.3179513765873,0.0
22.173794984817505,154.22438629819808,149.67019191210167,160.79201234591275,133.76771290854916,152.27074386780615,148.45940687821223,155.71417304113228,135.4765743514884,174.41569847355302,168.53622660601096,0.0,6.4958244697581256,0.3969762921333313,0.576944887638092,0.0,0.0,,,,,,,,,,,,,,,,,157.0562846765334,0.0,61.37395791420375,0.0
22.247474908828735,171.8264136543382,152.8528347393261,143.40671822655838,162.48367287003288,163.8953899838574,155.40101240034556,150.5357536898514,160.78487199009635,161.94524746972118,153.43448927149285,0.0,7.182666902413457,0.4798797070980072,0.6145293712615967,1.0,0.0,,,,,,,,,,,,,,,,,149.65631736369397,0.0,21.35610304846651,0.0
22.315573930740356,,,,,,,,,,,,,,,,,,,,,,,,,,,,,,,,,148.86633157448102,0.0,42.6918408496125,0.0
22.379000902175903,173.50952084252557,156.07218910553877,153.2507085460745,162.01143513803868,156.41259859002665,176.5992392353484,145.5816440049054,171.25620841358526,168.3367427295316,164.27797510024345,1.0,7.284160853183072,0.5776849389076233,0.7485178112983704,1.0,0.0,,,,,,,,,,,,,,,,,146.13669209895528,0.0,68.66135290801341,0.0
22.438385009765625,,,,,,,,,,,,,,,,,,,,,,,,,,,,,,,,,146.40094071125353,0.0,85.78852315787181,0.0
22.503525972366333,,,,,,,,,,,,,,,,,,,,,,,,,,,,,,,,,149.43084193429752,0.0,93.3211801550994,0.0
22.560131072998047,,,,,,,,,,,,,,,,,,,,,,,,,,,,,,,,,8.936152274053292,0.0,91.99548029697125,0.0
22.628730058670044,,,,,,,,,,,,,,,,,,,,,,,,,,,,,,,,,0.9287273428053827,0.0,85.69796286356977,0.0
22.70590305328369,160.0614580796449,148.32533765062888,167.67363044313294,150.20216847135598,165.5373367083115,159.33518133682273,161.82863293934562,153.09699758988432,163.4368718519711,178.12988402267558,1.0,4.577527429398184,0.45497798919677734,0.4314107596874237,1.0,0.0,,,,,,,,,,,,,,,,,149.21491152202165,0.0,73.89891352132071,0.0
22.771606922149658,,,,,,,,,,,,,,,,,,,,,,,,,,,,,,,,,150.43232330766546,0.0,59.13174519609724,0.0
22.83861494064331,167.58965449513877,165.98098382269634,158.20476152935223,166.4641150192534,160.18204311220748,166.05211466385524,157.49937108504997,167.91516797510906,162.44561078935533,167.1291259572736,1.0,3.8152613747429487,0.4774712920188904,0.7318630814552307,1.0,0.0,,,,,,,,,,,,,,,,,151.34601187282502,0.0,35.583394676610055,0.0
22.902689933776855,161.88359830494758,154.43599280941905,156.2099797077849,166.23199805285324,146.40660026995303,162.9798571546589,152.58244375379218,168.11983070276955,173.34253339785707,158.6091037520151,1.0,4.46493063723272,0.49944114685058594,0.8422439098358154,1.0,0.0,,,,,,,,,,,,,,,,,152.31277065703551,0.0,23.649226399355033,0.0
22.982331037521362,156.493089793364,143.51232744798196,165.83218041700172,149.34242030885812,153.3670335779381,151.30411317320235,155.7564469830793,150.84892479252775,169.93557280590844,155.4065918097431,0.0,8.408192580256355,0.44259515404701233,0.6981692910194397,1.0,0.0,,,,,,,,,,,,,,,,,152.04967708122413,0.0,22.392116809792075,0.0
23.046179056167603,,,,,,,,,,,,,,,,,,,,,,,,,,,,,,,,,150.67550441130194,0.0,72.40462343736637,0.0
23.1045880317688,,,,,,,,,,,,,,,,,145.116679610316,167.40766848427154,173.48569698787622,143.2322851386204,144.78205581937138,159.10009330122912,174.41404925487106,156.06093383843995,153.55276720484227,166.99063570870237,0.0,0.7535542413449227,0.58579021692276,0.5226179957389832,1.0,0.0,151.17455797682769,0.0,11.118981848880633,0.0
23.17188286781311,158.22778624588983,136.6995331448358,131.83502183499013,156.30376322274506,150.30495255738745,164.58713426141355,171.4321384597067,143.16659789462537,172.22748853059133,163.04873582689817,0.0,5.493298184443673,0.5122928023338318,0.51725172996521,0.0,0.0,,,,,,,,,,,,,,,,,152.0970233908666,0.0,33.71729798326664,0.0
23.238890886306763,163.84674512991955,154.25921510597033,158.09282969258672,161.15018167866856,147.60605545491433,167.2387585267236,148.98084937460732,165.81023556630663,177.2197627971129,152.81076349653208,1.0,4.323319936877844,0.5249192714691162,0.7369723916053772,1.0,0.0,,,,,,,,,,,,,,,,,152.2513294172318,0.0,25.55128624619523,0.0
23.314247846603394,158.5886166644419,155.69109159964836,158.07782333104782,154.29600905213235,158.66393715104982,156.64477621881264,148.9091395042193,157.18022149151426,171.13390218149297,169.10653201923247,1.0,5.2017957996502675,0.5174742341041565,0.5473610758781433,1.0,0.0,,,,,,,,,,,,,,,,,152.75767133523118,0.0,37.13852024189557,0.0
23.38240694999695,160.84616707448748,146.04518033396647,150.27769878998703,157.98427211862148,144.12732073105,163.84161482733384,153.01596753220107,155.3555516226987,171.27890515062742,155.76674548187512,1.0,3.841755449464139,0.6175833940505981,0.6916722059249878,1.0,0.0,,,,,,,,,,,,,,,,,153.28478191231102,0.0,37.03164424414984,0.0
23.446077823638916,171.09882866189818,149.16934233187703,143.94589158020625,166.48780201537028,139.00576984294673,168.52164737565502,151.53798093924618,162.42287744984097,170.1721669202905,164.44642712113694,0.0,3.6838705192829533,0.7318494915962219,0.79820716381073,1.0,0.0,,,,,,,,,,,,,,,,,153.20537013122254,0.0,55.22562661182035,0.0
23.514578819274902,175.59606724530153,160.17365396472098,163.2367858493414,153.5734167676096,156.90719147179325,167.80121887343287,160.29168733706302,155.34286845034742,172.2267562550972,164.78473958824372,1.0,2.84427446954987,0.5088506937026978,0.5084458589553833,1.0,0.0,,,,,,,,,,,,,,,,,152.08706381630097,0.0,75.1140871936387,0.0
23.579023122787476,,,,,,,,,,,,,,,,,,,,,,,,,,,,,,,,,151.00047376429833,0.0,88.61443493544425,0.0
23.648469924926758,,,,,,,,,,,,,,,,,,,,,,,,,,,,,,,,,150.515771139788,0.0,94.66768540903992,0.0
